ὁ	2214	0.1402953
unknown	670	0.042456117
καί	644	0.040808566
δέ	547	0.034661934
αὐτός	458	0.029022241
ἐγώ	370	0.023445915
οὗτος	222	0.014067549
εἰς	195	0.012356631
πρός	189	0.011976427
περί	154	0.00975857
γάρ	151	0.009568469
εἰμί	144	0.009124897
μέν	136	0.008617958
οὐ	127	0.008047652
κατά	117	0.0074139787
μετά	114	0.0072238767
πᾶς	102	0.0064634685
ἐπί	102	0.0064634685
ἐν	101	0.0064001014
τε	94	0.00595653
μή	94	0.00595653
γίγνομαι	93	0.0058931625
ὡς	92	0.0058297953
διά	90	0.0057030604
πολύς	87	0.0055129584
παρά	87	0.0055129584
πόλις	84	0.005322857
ὅς	81	0.005132755
τις	80	0.005069387
ἐκ	77	0.004879285
οὖν	70	0.004435714
πέμπω	69	0.0043723467
λαμβάνω	69	0.0043723467
βασιλεύς	66	0.0041822447
ὑπό	64	0.00405551
λέγω	62	0.003928775
ἔχω	62	0.003928775
ἐκεῖνος	59	0.0037386732
ἰώαννης	56	0.0035485711
ποιέω	55	0.0034852037
σύ	53	0.003358469
πλῆθος	53	0.003358469
παρακαλέω	46	0.0029148976
ὁπλίτης	46	0.0029148976
πράσσω	45	0.0028515302
ὅπλον	44	0.002788163
εἰ	43	0.0027247956
ἕ	43	0.0027247956
φημί	42	0.0026614284
ὅστις	42	0.0026614284
πρότερος	41	0.002598061
ἀφικνέομαι	41	0.002598061
κελεύω	40	0.0025346936
ἀλλά	40	0.0025346936
κώμη	39	0.0024713264
ἥκω	39	0.0024713264
γράφω	39	0.0024713264
δή	37	0.0023445915
σύν	36	0.0022812244
ἑαυτοῦ	35	0.002217857
πείθω	32	0.002027755
δίδωμι	32	0.002027755
τίς	31	0.0019643875
πόλεμος	31	0.0019643875
μέγας	31	0.0019643875
ἕτερος	31	0.0019643875
ἰουδαῖος	30	0.0019010202
δύναμις	30	0.0019010202
ἀνήρ	30	0.0019010202
βούλομαι	29	0.0018376529
φίλος	27	0.0017109181
ὑπέρ	25	0.0015841835
μηδείς	25	0.0015841835
ἀπό	25	0.0015841835
μόνος	24	0.0015208161
ἡμέρα	24	0.0015208161
ἐπιστολή	24	0.0015208161
ἐθέλω	24	0.0015208161
δέω	24	0.0015208161
χώρα	23	0.0014574488
φίλιππος	23	0.0014574488
πολέμιος	23	0.0014574488
ἐμός	23	0.0014574488
δύναμαι	23	0.0014574488
παραγίγνομαι	22	0.0013940815
μέλλω	22	0.0013940815
δείδω	22	0.0013940815
γιγνώσκω	22	0.0013940815
τοιοῦτος	21	0.0013307142
πύθω	21	0.0013307142
πίστις	21	0.0013307142
ἠέ	21	0.0013307142
εἶπον	21	0.0013307142
ἐπεί	21	0.0013307142
δύο	21	0.0013307142
γυνή	21	0.0013307142
ἀναλαμβάνω	21	0.0013307142
σίμων	20	0.0012673468
ἰησοῦς	20	0.0012673468
γνώμη	20	0.0012673468
ἀγρίππας	20	0.0012673468
ἄλλος	20	0.0012673468
στρατιώτης	19	0.0012039795
πατρίς	19	0.0012039795
ὅσος	19	0.0012039795
ἀπαγγέλλω	19	0.0012039795
προστάσσω	18	0.0011406122
οὕτως	18	0.0011406122
καιρός	18	0.0011406122
ἱππεύς	18	0.0011406122
ἤδη	18	0.0011406122
γράμμα	18	0.0011406122
ἀναιρέω	18	0.0011406122
φυλάσσω	17	0.0010772448
ὑπακούω	17	0.0010772448
ὀλίγος	17	0.0010772448
δοκέω	17	0.0010772448
δῆμος	17	0.0010772448
ἀκούω	17	0.0010772448
τεῖχος	16	0.0010138775
στρατηγός	16	0.0010138775
στάσις	16	0.0010138775
πάλιν	16	0.0010138775
λόγος	16	0.0010138775
γένος	16	0.0010138775
ἄν	16	0.0010138775
ἄγω	16	0.0010138775
χρῆμα	15	0.0009505101
σφόδρα	15	0.0009505101
στάδιον	15	0.0009505101
πρό	15	0.0009505101
οὐδείς	15	0.0009505101
μέχρι	15	0.0009505101
κατοικέω	15	0.0009505101
ἐμαυτοῦ	15	0.0009505101
αἰτία	15	0.0009505101
χείρ	14	0.0008871428
φέρω	14	0.0008871428
τότε	14	0.0008871428
τέλος	14	0.0008871428
πρᾶγμα	14	0.0008871428
οὐδέ	14	0.0008871428
ὁρμάω	14	0.0008871428
εἷς	14	0.0008871428
ἔπειμι	14	0.0008871428
φεύγω	13	0.0008237754
ὑποστρέφω	13	0.0008237754
τίτος	13	0.0008237754
τέσσαρες	13	0.0008237754
πιστός	13	0.0008237754
πιστεύω	13	0.0008237754
οἰκία	13	0.0008237754
ὁράω	13	0.0008237754
νύξ	13	0.0008237754
νομίζω	13	0.0008237754
μεταπέμπω	13	0.0008237754
κοινός	13	0.0008237754
κίνδυνος	13	0.0008237754
εὐθύς	13	0.0008237754
ἐφίστημι	13	0.0008237754
ἀφίστημι	13	0.0008237754
ἀπέρχομαι	13	0.0008237754
τυγχάνω	12	0.00076040806
τρόπος	12	0.00076040806
τόπος	12	0.00076040806
προέρχομαι	12	0.00076040806
πρόνοια	12	0.00076040806
πολλάκις	12	0.00076040806
πολίτης	12	0.00076040806
παῖς	12	0.00076040806
ὀργή	12	0.00076040806
ὄνομα	12	0.00076040806
μάχη	12	0.00076040806
κομίζω	12	0.00076040806
καταλιμπάνω	12	0.00076040806
καταβαίνω	12	0.00076040806
ἵνα	12	0.00076040806
ἔρχομαι	12	0.00076040806
βασιλικός	12	0.00076040806
ἀπολύω	12	0.00076040806
ἀπέχω	12	0.00076040806
ἄρχω	12	0.00076040806
χάρις	11	0.00069704076
φρούριον	11	0.00069704076
φάσκω	11	0.00069704076
συμβουλεύω	11	0.00069704076
συγχωρέω	11	0.00069704076
πορεύω	11	0.00069704076
πάρειμι	11	0.00069704076
ὁδός	11	0.00069704076
νικάω	11	0.00069704076
κρίνω	11	0.00069704076
κατέχω	11	0.00069704076
καῖσαρ	11	0.00069704076
ἰώσηπος	11	0.00069704076
εἴκοσι	11	0.00069704076
ἐχθρός	11	0.00069704076
ἐξουσία	11	0.00069704076
αἴτιος	11	0.00069704076
ἀξιόω	11	0.00069704076
ἀλήθεια	11	0.00069704076
ἄνθρωπος	11	0.00069704076
χράω	10	0.0006336734
ὑπάρχω	10	0.0006336734
τρίτος	10	0.0006336734
τρέω	10	0.0006336734
πλοῖον	10	0.0006336734
πειράω	10	0.0006336734
παύω	10	0.0006336734
οὔτε	10	0.0006336734
οἴομαι	10	0.0006336734
ὁμολογέω	10	0.0006336734
ὅμοιος	10	0.0006336734
μήν	10	0.0006336734
μέσος	10	0.0006336734
κεῖμαι	10	0.0006336734
καλός	10	0.0006336734
καθίστημι	10	0.0006336734
ἐπάγω	10	0.0006336734
διατρίβω	10	0.0006336734
ἀσπάζομαι	10	0.0006336734
ἀίω	10	0.0006336734
ἀδελφός	10	0.0006336734
χωρίς	9	0.0005703061
χρόνος	9	0.0005703061
φόβος	9	0.0005703061
ὑποχείριος	9	0.0005703061
τοσοῦτος	9	0.0005703061
τέκνον	9	0.0005703061
προστίθημι	9	0.0005703061
προσστάζω	9	0.0005703061
πρέσβις	9	0.0005703061
πολεμέω	9	0.0005703061
παροξύνω	9	0.0005703061
οἰκεῖος	9	0.0005703061
ὅμως	9	0.0005703061
μηδέ	9	0.0005703061
μήτε	9	0.0005703061
μεθόριος	9	0.0005703061
μάλιστα	9	0.0005703061
κράτος	9	0.0005703061
κολάζω	9	0.0005703061
κέλλω	9	0.0005703061
καλέω	9	0.0005703061
θεάομαι	9	0.0005703061
θάσσων	9	0.0005703061
ἐπιτρέπω	9	0.0005703061
δόξα	9	0.0005703061
διαφεύγω	9	0.0005703061
δέχομαι	9	0.0005703061
δέομαι	9	0.0005703061
ἀρχή	9	0.0005703061
ἀποκτείνω	9	0.0005703061
ἀνάγκη	9	0.0005703061
ὥρα	8	0.0005069387
χαίρω	8	0.0005069387
φρονέω	8	0.0005069387
ὑπέχω	8	0.0005069387
τρέπω	8	0.0005069387
τιμωρία	8	0.0005069387
προσδοκάω	8	0.0005069387
πονηρός	8	0.0005069387
πολιορκία	8	0.0005069387
παραλαμβάνω	8	0.0005069387
πάντως	8	0.0005069387
ὁμόφυλος	8	0.0005069387
μένω	8	0.0005069387
μᾶλλον	8	0.0005069387
ἱστορία	8	0.0005069387
θεός	8	0.0005069387
εὑρίσκω	8	0.0005069387
ἑκατόν	8	0.0005069387
ἕκαστος	8	0.0005069387
ἐμπίμπρημι	8	0.0005069387
δεύτερος	8	0.0005069387
δέκα	8	0.0005069387
γοῦν	8	0.0005069387
βίος	8	0.0005069387
ἅπας	8	0.0005069387
ἀκέω	8	0.0005069387
ὦ	7	0.0004435714
φυλακή	7	0.0004435714
φράζω	7	0.0004435714
φθάνω	7	0.0004435714
φανερός	7	0.0004435714
τιμή	7	0.0004435714
ταράσσω	7	0.0004435714
σῶμα	7	0.0004435714
συνήθης	7	0.0004435714
συμφέρω	7	0.0004435714
σύμπρεσβυς	7	0.0004435714
σπεύδω	7	0.0004435714
ῥίπτω	7	0.0004435714
πτολεμαίς	7	0.0004435714
πρόσω	7	0.0004435714
πλήρης	7	0.0004435714
πλέος	7	0.0004435714
πεδίον	7	0.0004435714
πέριξ	7	0.0004435714
πατήρ	7	0.0004435714
παρέχω	7	0.0004435714
παραφυλάσσω	7	0.0004435714
παραγγέλλω	7	0.0004435714
πάσχω	7	0.0004435714
οἷος	7	0.0004435714
οἶδα	7	0.0004435714
ὁρμή	7	0.0004435714
νῦν	7	0.0004435714
νέος	7	0.0004435714
ληιστής	7	0.0004435714
κατασκευάζω	7	0.0004435714
καταλαμβάνω	7	0.0004435714
καταβοάω	7	0.0004435714
κακός	7	0.0004435714
εὔνοια	7	0.0004435714
εἶδον	7	0.0004435714
ἐφίζω	7	0.0004435714
ἐπιβουλή	7	0.0004435714
ἐπέρχομαι	7	0.0004435714
ἐκεῖ	7	0.0004435714
ἔτι	7	0.0004435714
διαρπάζω	7	0.0004435714
διαπέμπω	7	0.0004435714
δίκαιος	7	0.0004435714
δηλόω	7	0.0004435714
γάλλος	7	0.0004435714
αὐτοκράτωρ	7	0.0004435714
ἀσφάλεια	7	0.0004435714
ἀρχιερεύς	7	0.0004435714
ἀπόστασις	7	0.0004435714
ἀπειλέω	7	0.0004435714
ἀπαλλάσσω	7	0.0004435714
ἀναχωρέω	7	0.0004435714
ἀναγκάζω	7	0.0004435714
φωνή	6	0.00038020403
φρουρέω	6	0.00038020403
φαρισαῖος	6	0.00038020403
ὑποχωρέω	6	0.00038020403
ὑπαντάω	6	0.00038020403
τολμάω	6	0.00038020403
ταραχή	6	0.00038020403
σωτηρία	6	0.00038020403
σωματοφύλαξ	6	0.00038020403
σώζω	6	0.00038020403
συνίημι	6	0.00038020403
συνάγω	6	0.00038020403
σύριος	6	0.00038020403
προσμένω	6	0.00038020403
πρᾶξις	6	0.00038020403
ποτέ	6	0.00038020403
πίπτω	6	0.00038020403
περιμένω	6	0.00038020403
παρίστημι	6	0.00038020403
παραδίδωμι	6	0.00038020403
οὐκέτι	6	0.00038020403
ὄχλος	6	0.00038020403
νόμος	6	0.00038020403
μῖσος	6	0.00038020403
μέτριος	6	0.00038020403
λίμνη	6	0.00038020403
κωλύω	6	0.00038020403
κινδυνεύω	6	0.00038020403
κατατίθημι	6	0.00038020403
κατάλυσις	6	0.00038020403
θνήσκω	6	0.00038020403
ἑκών	6	0.00038020403
ἕως	6	0.00038020403
ἕπομαι	6	0.00038020403
ἐπικαλέω	6	0.00038020403
ἐπέχω	6	0.00038020403
ἐντυγχάνω	6	0.00038020403
ἐνέδρα	6	0.00038020403
ἐμπίτνω	6	0.00038020403
ἐλπίς	6	0.00038020403
ἐκεῖθεν	6	0.00038020403
ἔνθα	6	0.00038020403
ἔθνος	6	0.00038020403
διαφθείρω	6	0.00038020403
βουλή	6	0.00038020403
βουλεύω	6	0.00038020403
αἱρέω	6	0.00038020403
ἁρπαγή	6	0.00038020403
ἀργύριον	6	0.00038020403
ἀποθνήσκω	6	0.00038020403
ἀνάνω	6	0.00038020403
ἀμείνων	6	0.00038020403
ἀγνοέω	6	0.00038020403
ἀγαθός	6	0.00038020403
χράομαι	5	0.0003168367
χάραξ	5	0.0003168367
φροντίζω	5	0.0003168367
φοβέω	5	0.0003168367
ὑπαντιάζω	5	0.0003168367
τύριος	5	0.0003168367
τελευτάω	5	0.0003168367
συμβαίνω	5	0.0003168367
συγγιγνώσκω	5	0.0003168367
στρατηγία	5	0.0003168367
στρατηγέω	5	0.0003168367
στρατήγημα	5	0.0003168367
σός	5	0.0003168367
σκήπτω	5	0.0003168367
σκεῦος	5	0.0003168367
σῖτος	5	0.0003168367
σημαίνω	5	0.0003168367
ῥᾴδιος	5	0.0003168367
πῶς	5	0.0003168367
προτείνω	5	0.0003168367
προνοέω	5	0.0003168367
προερέω	5	0.0003168367
πορεία	5	0.0003168367
πολιορκέω	5	0.0003168367
πεζός	5	0.0003168367
πέδιον	5	0.0003168367
παραινέω	5	0.0003168367
ὅλος	5	0.0003168367
νόμιμος	5	0.0003168367
μυριάς	5	0.0003168367
μοῖρα	5	0.0003168367
μανθάνω	5	0.0003168367
καταφρονέω	5	0.0003168367
κἀν	5	0.0003168367
ἱερεύς	5	0.0003168367
ἵππος	5	0.0003168367
ἰοῦστος	5	0.0003168367
ἴδιος	5	0.0003168367
θρασύς	5	0.0003168367
θαρσέω	5	0.0003168367
ἡρώδης	5	0.0003168367
ἡμέτερος	5	0.0003168367
ζάω	5	0.0003168367
εὐπορέω	5	0.0003168367
εἰσέρχομαι	5	0.0003168367
ἕνεκα	5	0.0003168367
ἐπιτήδειος	5	0.0003168367
ἐπαγγέλλω	5	0.0003168367
ἐμμένω	5	0.0003168367
ἐλέγχω	5	0.0003168367
ἔτος	5	0.0003168367
ἔργον	5	0.0003168367
ἔνοικος	5	0.0003168367
διαφυλάσσω	5	0.0003168367
διαφέρω	5	0.0003168367
διασῴζω	5	0.0003168367
διαγιγνώσκω	5	0.0003168367
δίκη	5	0.0003168367
γῆ	5	0.0003168367
βιάζω	5	0.0003168367
βάλλω	5	0.0003168367
αἰβούτιος	5	0.0003168367
ἀφανίζω	5	0.0003168367
ἀσφαλής	5	0.0003168367
ἀριθμός	5	0.0003168367
ἀποκλείω	5	0.0003168367
ἀποβάλλω	5	0.0003168367
ἀπόλλυμι	5	0.0003168367
ἀναβαίνω	5	0.0003168367
ἄσημος	5	0.0003168367
ἄξιος	5	0.0003168367
ὥστε	4	0.00025346936
ψυχή	4	0.00025346936
ψεύδω	4	0.00025346936
χρύσεος	4	0.00025346936
χίλιοι	4	0.00025346936
φύσις	4	0.00025346936
φρουρά	4	0.00025346936
φόνος	4	0.00025346936
φῖλος	4	0.00025346936
φθόνος	4	0.00025346936
φήμη	4	0.00025346936
ὑρκανός	4	0.00025346936
ὑποσχέθω	4	0.00025346936
ὑπομιμνήσκω	4	0.00025346936
ὑποθήκη	4	0.00025346936
ὕστερος	4	0.00025346936
τύχη	4	0.00025346936
τροφή	4	0.00025346936
τρισχίλιοι	4	0.00025346936
τριάκοντα	4	0.00025346936
τρεῖς	4	0.00025346936
τιμωρέω	4	0.00025346936
τεκμήριον	4	0.00025346936
ταχέως	4	0.00025346936
σφεῖς	4	0.00025346936
συλλαμβάνω	4	0.00025346936
συγγράφω	4	0.00025346936
συγγενής	4	0.00025346936
σύρος	4	0.00025346936
σύμμαχος	4	0.00025346936
στρατόπεδον	4	0.00025346936
πυνθάνομαι	4	0.00025346936
προτρέπω	4	0.00025346936
προτίθημι	4	0.00025346936
προστασία	4	0.00025346936
προσδαίω	4	0.00025346936
προίστημι	4	0.00025346936
προδότης	4	0.00025346936
πλησιάζω	4	0.00025346936
πλησίος	4	0.00025346936
πλεῖστος	4	0.00025346936
περίειμι	4	0.00025346936
πεντακόσιοι	4	0.00025346936
παραμένω	4	0.00025346936
παιδεία	4	0.00025346936
οὔτι	4	0.00025346936
οἶκος	4	0.00025346936
ὅσπερ	4	0.00025346936
ὅρκος	4	0.00025346936
νεωτερισμός	4	0.00025346936
μισθός	4	0.00025346936
μετανοέω	4	0.00025346936
μεταβολή	4	0.00025346936
μεγιστᾶνες	4	0.00025346936
μέρος	4	0.00025346936
μέντοι	4	0.00025346936
μαρτυρέω	4	0.00025346936
λύω	4	0.00025346936
λοιπός	4	0.00025346936
κατηγορέω	4	0.00025346936
καταστέλλω	4	0.00025346936
καθά	4	0.00025346936
ἱκανός	4	0.00025346936
ἱερόν	4	0.00025346936
ἱερά	4	0.00025346936
εὐσέβεια	4	0.00025346936
εἰκάζω	4	0.00025346936
ἑτοιμάζω	4	0.00025346936
ἑτοῖμος	4	0.00025346936
ἑξακόσιοι	4	0.00025346936
ἑβδομήκοντα	4	0.00025346936
ἐσθής	4	0.00025346936
ἐπιχειρέω	4	0.00025346936
ἐπιπίπτω	4	0.00025346936
ἐπιγιγνώσκω	4	0.00025346936
ἐπιβουλεύω	4	0.00025346936
ἐπειδάν	4	0.00025346936
ἐπείγω	4	0.00025346936
ἐπαύω	4	0.00025346936
ἐπαινέω	4	0.00025346936
ἐξάπτω	4	0.00025346936
ἐντεῦθεν	4	0.00025346936
ἐμπειρία	4	0.00025346936
ἐμβαίνω	4	0.00025346936
ἐκβάτανα	4	0.00025346936
ἐγκαταλείπω	4	0.00025346936
δωρεά	4	0.00025346936
δραχμή	4	0.00025346936
δόκιμος	4	0.00025346936
δισχίλιοι	4	0.00025346936
διοικέω	4	0.00025346936
διέρχομαι	4	0.00025346936
διαμαρτάνω	4	0.00025346936
διακόσιοι	4	0.00025346936
βουλεύς	4	0.00025346936
βερενίκη	4	0.00025346936
βαβυλώνιοι	4	0.00025346936
αὐλή	4	0.00025346936
αἵρεσις	4	0.00025346936
ἁρπάζω	4	0.00025346936
ἅπαξ	4	0.00025346936
ἀφαιρέω	4	0.00025346936
ἀρχιέρεως	4	0.00025346936
ἀρέσκω	4	0.00025346936
ἀπατάω	4	0.00025346936
ἀνανιάω	4	0.00025346936
ἀναζεύγνυμι	4	0.00025346936
ἀναγράφω	4	0.00025346936
ἀλλήλων	4	0.00025346936
ἀκρίβεια	4	0.00025346936
ἀεί	4	0.00025346936
ἀδελφή	4	0.00025346936
ἄρδην	4	0.00025346936
ἄπρακτος	4	0.00025346936
ἄπειμι	4	0.00025346936
ψηφίζομαι	3	0.00019010202
χωρέω	3	0.00019010202
χρεία	3	0.00019010202
χαρίζομαι	3	0.00019010202
φυλακεύς	3	0.00019010202
φυγή	3	0.00019010202
φύλαξ	3	0.00019010202
φιλία	3	0.00019010202
φείδομαι	3	0.00019010202
ὑπολαμβάνω	3	0.00019010202
ὑπόμνημα	3	0.00019010202
ὑπήκοος	3	0.00019010202
τίθημι	3	0.00019010202
τηρέω	3	0.00019010202
ταχύς	3	0.00019010202
τάξις	3	0.00019010202
συντίθημι	3	0.00019010202
συνεχής	3	0.00019010202
συνέδριον	3	0.00019010202
συναίρω	3	0.00019010202
συμφορά	3	0.00019010202
συμπίτνω	3	0.00019010202
συμμαχία	3	0.00019010202
συμβάλλω	3	0.00019010202
συλλάω	3	0.00019010202
σύνοδος	3	0.00019010202
σύνεσις	3	0.00019010202
σύμπας	3	0.00019010202
σπουδή	3	0.00019010202
πρωτεύω	3	0.00019010202
προσκαλέω	3	0.00019010202
προσευχή	3	0.00019010202
προσέρχομαι	3	0.00019010202
προκαλέω	3	0.00019010202
προεῖπον	3	0.00019010202
προδίδωμι	3	0.00019010202
προαίρεσις	3	0.00019010202
πρόφασις	3	0.00019010202
πονηρία	3	0.00019010202
πολιτεύω	3	0.00019010202
πλήν	3	0.00019010202
πεῖρα	3	0.00019010202
παραπλήσιος	3	0.00019010202
παραλείπω	3	0.00019010202
παρακελεύομαι	3	0.00019010202
παράταξις	3	0.00019010202
πανταχόθεν	3	0.00019010202
πάτριος	3	0.00019010202
πάνυ	3	0.00019010202
πάλαι	3	0.00019010202
οὔπω	3	0.00019010202
οἴκησις	3	0.00019010202
ὁμιλία	3	0.00019010202
ὀχυρόω	3	0.00019010202
ὀφείλω	3	0.00019010202
ὀγδοήκοντα	3	0.00019010202
ὄψις	3	0.00019010202
ξένος	3	0.00019010202
νεωτεριστής	3	0.00019010202
νεανίης	3	0.00019010202
μόδιος	3	0.00019010202
μικρός	3	0.00019010202
μεταπείθω	3	0.00019010202
μεθίστημι	3	0.00019010202
μάχαιρα	3	0.00019010202
λυπέω	3	0.00019010202
λόχος	3	0.00019010202
λεηλατέω	3	0.00019010202
λανθάνω	3	0.00019010202
λαμπρός	3	0.00019010202
κτείνω	3	0.00019010202
κρείσσων	3	0.00019010202
κράτιστος	3	0.00019010202
κλεῖτος	3	0.00019010202
κατηγορία	3	0.00019010202
καταψεύδομαι	3	0.00019010202
καταφεύγω	3	0.00019010202
κατανεύω	3	0.00019010202
καταλύω	3	0.00019010202
καταβόησις	3	0.00019010202
κατάδηλος	3	0.00019010202
κακουργία	3	0.00019010202
καίπερ	3	0.00019010202
καθώς	3	0.00019010202
καθίζω	3	0.00019010202
καθέζομαι	3	0.00019010202
ἱππικός	3	0.00019010202
ἵστημι	3	0.00019010202
θύρα	3	0.00019010202
θεραπεία	3	0.00019010202
θαυμάζω	3	0.00019010202
θάνατος	3	0.00019010202
ἡγεμών	3	0.00019010202
ἡγεμονία	3	0.00019010202
ἡγεμονεύω	3	0.00019010202
ἡγέομαι	3	0.00019010202
ἦθος	3	0.00019010202
εὐτυχία	3	0.00019010202
εἰσφέρω	3	0.00019010202
εἰσπέμπω	3	0.00019010202
εἶτα	3	0.00019010202
ἑστίασις	3	0.00019010202
ἑξήκοντα	3	0.00019010202
ἕνος	3	0.00019010202
ἕλλην	3	0.00019010202
ἐφόδια	3	0.00019010202
ἐρεθίζω	3	0.00019010202
ἐπιχείρησις	3	0.00019010202
ἐπινοέω	3	0.00019010202
ἐπιθυμία	3	0.00019010202
ἐπιθυμέω	3	0.00019010202
ἐνιαυτός	3	0.00019010202
ἐναντίος	3	0.00019010202
ἐμφύλιος	3	0.00019010202
ἐλπίζω	3	0.00019010202
ἐκπέμπω	3	0.00019010202
ἐάν	3	0.00019010202
ἔπαρχος	3	0.00019010202
ἔξοδος	3	0.00019010202
ἔξειμι	3	0.00019010202
ἔκπληξις	3	0.00019010202
δώδεκα	3	0.00019010202
δοκάζω	3	0.00019010202
διδάσκω	3	0.00019010202
διατίθημι	3	0.00019010202
διανοέομαι	3	0.00019010202
διαλύω	3	0.00019010202
διάφορος	3	0.00019010202
δημόσιος	3	0.00019010202
δεσπότης	3	0.00019010202
δεινός	3	0.00019010202
γενναῖος	3	0.00019010202
γε	3	0.00019010202
βοήθεια	3	0.00019010202
βιβλίον	3	0.00019010202
βασιλεία	3	0.00019010202
αἰχμάλωτος	3	0.00019010202
ἀφίημι	3	0.00019010202
ἀρχιερατεύω	3	0.00019010202
ἀρνέομαι	3	0.00019010202
ἀράομαι	3	0.00019010202
ἀπροσδόκητος	3	0.00019010202
ἀποστέλλω	3	0.00019010202
ἀπολογέομαι	3	0.00019010202
ἀπολαμβάνω	3	0.00019010202
ἀποδίδωμι	3	0.00019010202
ἀπειθέω	3	0.00019010202
ἀνίστημι	3	0.00019010202
ἀναγκαῖος	3	0.00019010202
ἀναγιγνώσκω	3	0.00019010202
ἀληθεύω	3	0.00019010202
ἀκριβής	3	0.00019010202
ἄφιξις	3	0.00019010202
ἄρχων	3	0.00019010202
ἄριστος	3	0.00019010202
ἄνω	3	0.00019010202
ἄνοπλος	3	0.00019010202
ἄλλως	3	0.00019010202
ὥσπερ	2	0.00012673468
ψελλός	2	0.00012673468
χρῄζω	2	0.00012673468
χρή	2	0.00012673468
χείρων	2	0.00012673468
χάρης	2	0.00012673468
φύω	2	0.00012673468
φιλονεικία	2	0.00012673468
φιλόφρων	2	0.00012673468
φίλτατος	2	0.00012673468
φθονέω	2	0.00012673468
φαῦλος	2	0.00012673468
φαίνω	2	0.00012673468
φάρμακον	2	0.00012673468
ὑποψία	2	0.00012673468
ὑποτίθημι	2	0.00012673468
ὑποστέλλω	2	0.00012673468
ὑποπτάω	2	0.00012673468
ὑπονοέω	2	0.00012673468
ὑπερτίθημι	2	0.00012673468
ὑπαντιάω	2	0.00012673468
ὕδωρ	2	0.00012673468
τύπτω	2	0.00012673468
τραχωνῖται	2	0.00012673468
τράπεζα	2	0.00012673468
τοσαυτάκις	2	0.00012673468
τοίνυν	2	0.00012673468
τόλμα	2	0.00012673468
τιμάω	2	0.00012673468
τετράρχης	2	0.00012673468
τειχίζω	2	0.00012673468
τάχιστος	2	0.00012673468
τάχα	2	0.00012673468
σωτήρ	2	0.00012673468
σχέθω	2	0.00012673468
συσκευάζω	2	0.00012673468
συνεπάγω	2	0.00012673468
συνέρχομαι	2	0.00012673468
συναρέσκω	2	0.00012673468
συμπέμπω	2	0.00012673468
συλλέγω	2	0.00012673468
συγκατανεύω	2	0.00012673468
σύνεῖδον	2	0.00012673468
στρατεύω	2	0.00012673468
στασιάζω	2	0.00012673468
σταθμός	2	0.00012673468
σόφισμα	2	0.00012673468
σιωπάω	2	0.00012673468
σιγάω	2	0.00012673468
σαυτοῦ	2	0.00012673468
σαμάρεια	2	0.00012673468
σάββατον	2	0.00012673468
ῥώννυμι	2	0.00012673468
ῥύομαι	2	0.00012673468
πύλη	2	0.00012673468
πτολεμαῖος	2	0.00012673468
πρωί	2	0.00012673468
προχωρέω	2	0.00012673468
προσφέρω	2	0.00012673468
προσαυξάνω	2	0.00012673468
προσαγορεύω	2	0.00012673468
προσαγγέλλω	2	0.00012673468
προπετής	2	0.00012673468
προθυμέομαι	2	0.00012673468
προδοσία	2	0.00012673468
προαισθάνομαι	2	0.00012673468
προάγω	2	0.00012673468
πρόσταγμα	2	0.00012673468
πρόειμι	2	0.00012673468
πρόδηλος	2	0.00012673468
πρέσβυς	2	0.00012673468
πραγματεία	2	0.00012673468
πολυπραγμονέω	2	0.00012673468
πολιτεία	2	0.00012673468
πολεμικός	2	0.00012673468
πιστόν	2	0.00012673468
περιοράω	2	0.00012673468
περεῖδον	2	0.00012673468
πεντακισχίλιοι	2	0.00012673468
πεζικός	2	0.00012673468
πέρα	2	0.00012673468
πέντε	2	0.00012673468
πέμπτος	2	0.00012673468
παρουσία	2	0.00012673468
παρέρχομαι	2	0.00012673468
παρατυγχάνω	2	0.00012673468
παρασκευάζω	2	0.00012673468
παραπέμπω	2	0.00012673468
παραιτέομαι	2	0.00012673468
παραίω	2	0.00012673468
παράνομος	2	0.00012673468
παράκλησις	2	0.00012673468
παράδοσις	2	0.00012673468
οὐδέτερος	2	0.00012673468
οἰκοδομία	2	0.00012673468
οἰκέτης	2	0.00012673468
οἶνον	2	0.00012673468
ὁπλίζω	2	0.00012673468
ὁδάω	2	0.00012673468
ὅταν	2	0.00012673468
ὅσιος	2	0.00012673468
ὅρος	2	0.00012673468
ὅπως	2	0.00012673468
ὅθεν	2	0.00012673468
ὀχυρός	2	0.00012673468
ὀργίζω	2	0.00012673468
ὀξύς	2	0.00012673468
ὀκνέω	2	0.00012673468
ὄνειρος	2	0.00012673468
ξέστης	2	0.00012673468
νῶτον	2	0.00012673468
​ νεάνισκος	2	0.00012673468
​ μυρίος	2	0.00012673468
​ μιμνήσκω	2	0.00012673468
​ μήτηρ	2	0.00012673468
​ μήκιστος	2	0.00012673468
​ μετατίθημι	2	0.00012673468
​ μαρτυρία	2	0.00012673468
​ μακρός	2	0.00012673468
​ μάρτυς	2	0.00012673468
​ λάφυρα	2	0.00012673468
​ λάπτω	2	0.00012673468
​ κυβερνήτης	2	0.00012673468
​ κτῆσις	2	0.00012673468
​ κρύπτω	2	0.00012673468
​ κρίσις	2	0.00012673468
​ κομψός	2	0.00012673468
​ κοίτη	2	0.00012673468
​ κόπτω	2	0.00012673468
​ κατεργάζομαι	2	0.00012673468
​ καταστρατηγέω	2	0.00012673468
​ καταπλήσσω	2	0.00012673468
​ καταπλάσσω	2	0.00012673468
​ καταπαύω	2	0.00012673468
​ κατάρχω	2	0.00012673468
​ κατάγω	2	0.00012673468
​ καρτερός	2	0.00012673468
​ κακόω	2	0.00012673468
​ καίτοι	2	0.00012673468
​ καθαιρέω	2	0.00012673468
​ καθάπτω	2	0.00012673468
​ ἱππόδρομος	2	0.00012673468
​ ἱκετεύω	2	0.00012673468
​ ἱερωσύνη	2	0.00012673468
​ ἰατρός	2	0.00012673468
​ ἰάκωβος	2	0.00012673468
​ ἴλη	2	0.00012673468
​ θυμός	2	0.00012673468
​ θορυβέω	2	0.00012673468
​ θεραπεύω	2	0.00012673468
​ θεῖος	2	0.00012673468
​ ἡσσάομαι	2	0.00012673468
​ ἡδέως	2	0.00012673468
​ εὐχή	2	0.00012673468
​ εὐχερής	2	0.00012673468
​ εὐφημία	2	0.00012673468
​ εὐτρεπίζω	2	0.00012673468
​ εὐπραγία	2	0.00012673468
​ εὐεργεσία	2	0.00012673468
​ εὐεργέτης	2	0.00012673468
​ εὐγένεια	2	0.00012673468
​ εὖ	2	0.00012673468
​ εἰρηνεύω	2	0.00012673468
​ ἑταῖρος	2	0.00012673468
​ ἑπτά	2	0.00012673468
​ ἑλληνικός	2	0.00012673468
​ ἕωθεν	2	0.00012673468
​ ἕκτος	2	0.00012673468
​ ἐφορεύω	2	0.00012673468
​ ἐφόδιον	2	0.00012673468
​ ἐφίημι	2	0.00012673468
​ ἐτάζω	2	0.00012673468
​ ἐρωτάω	2	0.00012673468
​ ἐράομαι	2	0.00012673468
​ ἐπιφέρω	2	0.00012673468
​ ἐπιφαίνω	2	0.00012673468
​ ἐπιστολεύς	2	0.00012673468
​ ἐπιστέλλω	2	0.00012673468
​ ἐπισκευή	2	0.00012673468
​ ἐπιπλήσσω	2	0.00012673468
​ ἐπιμελής	2	0.00012673468
​ ἐπιμέλεια	2	0.00012673468
​ ἐπιλέγω	2	0.00012673468
​ ἐπικρύπτω	2	0.00012673468
​ ἐπικλάω	2	0.00012673468
​ ἐπιδρομή	2	0.00012673468
​ ἐπιδίδωμι	2	0.00012673468
​ ἐπιδείκνυμι	2	0.00012673468
​ ἐπιδέχομαι	2	0.00012673468
​ ἐπιβοάω	2	0.00012673468
​ ἐπιβάτης	2	0.00012673468
​ ἐπιβάλλω	2	0.00012673468
​ ἐπίνοια	2	0.00012673468
​ ἐπαίρω	2	0.00012673468
​ ἐξελεύθερος	2	0.00012673468
​ ἐξέρχομαι	2	0.00012673468
​ ἐξαρπάζω	2	0.00012673468
​ ἐξαποστέλλω	2	0.00012673468
​ ἐξαιρέω	2	0.00012673468
​ ἐξαγγέλλω	2	0.00012673468
​ ἐντολή	2	0.00012673468
​ ἐντέλλω	2	0.00012673468
​ ἐνταῦθα	2	0.00012673468
​ ἐνοχλέω	2	0.00012673468
​ ἐνοικέω	2	0.00012673468
​ ἐννοέω	2	0.00012673468
​ ἐνθάδε	2	0.00012673468
​ ἐμβιβάζω	2	0.00012673468
​ ἐλευθερία	2	0.00012673468
​ ἐκφορέω	2	0.00012673468
​ ἐκφέρω	2	0.00012673468
​ ἐκτίθημι	2	0.00012673468
​ ἐκπίτνω	2	0.00012673468
​ ἐκκλείω	2	0.00012673468
​ ἐκκαίω	2	0.00012673468
​ ἐκβάλλω	2	0.00012673468
​ ἐγχώριος	2	0.00012673468
​ ἐγκρατής	2	0.00012673468
​ ἔφοδος	2	0.00012673468
​ ἔπαινος	2	0.00012673468
​ ἔξωθεν	2	0.00012673468
​ ἔννοια	2	0.00012673468
​ ἔνατος	2	0.00012673468
​ ἔλαιον	2	0.00012673468
​ ἔθος	2	0.00012673468
​ ἔδαφος	2	0.00012673468
​ ἔγκλημα	2	0.00012673468
​ ἔγγονος	2	0.00012673468
​ δυνατός	2	0.00012673468
​ δράω	2	0.00012673468
​ διώκω	2	0.00012673468
​ διηγέομαι	2	0.00012673468
​ διέξειμι	2	0.00012673468
​ διατελέω	2	0.00012673468
​ διαμένω	2	0.00012673468
​ διακωλύω	2	0.00012673468
​ διαιρέω	2	0.00012673468
​ διαδοχή	2	0.00012673468
​ διαδιδράσκω	2	0.00012673468
​ διαδίδωμι	2	0.00012673468
​ διαδέχομαι	2	0.00012673468
​ διαγγέλλω	2	0.00012673468
​ διαβάλλω	2	0.00012673468
​ διάνοια	2	0.00012673468
​ διάδοχος	2	0.00012673468
​ δίς	2	0.00012673468
​ δημοτικός	2	0.00012673468
​ δημοσιόω	2	0.00012673468
​ δεσμός	2	0.00012673468
​ δέκατος	2	0.00012673468
​ δέησις	2	0.00012673468
​ δάκρυον	2	0.00012673468
​ γονεύς	2	0.00012673468
​ γνωρίζω	2	0.00012673468
​ γνῶσις	2	0.00012673468
​ γαδαρηνός	2	0.00012673468
​ βραδύνω	2	0.00012673468
​ βοάω	2	0.00012673468
βλέπω	2	0.00012673468
βλασφημία	2	0.00012673468
βλασφημέω	2	0.00012673468
βλάσφημος	2	0.00012673468
βιόω	2	0.00012673468
βιάω	2	0.00012673468
βίβλος	2	0.00012673468
βία	2	0.00012673468
βέβαιος	2	0.00012673468
βασιλεύω	2	0.00012673468
βασίλη	2	0.00012673468
βαρύς	2	0.00012673468
αὐτομολέω	2	0.00012673468
αἰσχροκέρδεια	2	0.00012673468
αἴρω	2	0.00012673468
ἁμός	2	0.00012673468
ἁμαρτία	2	0.00012673468
ἁμαρτάνω	2	0.00012673468
ἁλίσκομαι	2	0.00012673468
ἁγέομαι	2	0.00012673468
ἀχρεῖος	2	0.00012673468
ἀχάριστος	2	0.00012673468
ἀφίζω	2	0.00012673468
ἀφηγέομαι	2	0.00012673468
ἀφανής	2	0.00012673468
ἀρκέω	2	0.00012673468
ἀπώλεια	2	0.00012673468
ἀποστερέω	2	0.00012673468
ἀπορέω	2	0.00012673468
ἀποκόπτω	2	0.00012673468
ἀποβλέπω	2	0.00012673468
ἀπόκρισις	2	0.00012673468
ἀπεχθής	2	0.00012673468
ἀπαλλαγή	2	0.00012673468
ἀπαίρω	2	0.00012673468
ἀπαγορεύω	2	0.00012673468
ἀξιάω	2	0.00012673468
ἀνύβριστος	2	0.00012673468
ἀντιγράφω	2	0.00012673468
ἀντέχω	2	0.00012673468
ἀνδραποδίζω	2	0.00012673468
ἀνάπτω	2	0.00012673468
ἀμελέω	2	0.00012673468
ἀληθής	2	0.00012673468
ἀλεξανδρεία	2	0.00012673468
ἀλγέω	2	0.00012673468
ἀκροβόλισις	2	0.00012673468
ἀκρόπολις	2	0.00012673468
ἀδικέω	2	0.00012673468
ἀγνωμοσύνη	2	0.00012673468
ἀγαπάω	2	0.00012673468
ἄφνω	2	0.00012673468
ἄσμενος	2	0.00012673468
ἄπορος	2	0.00012673468
ἄνωθεν	2	0.00012673468
ἄνοια	2	0.00012673468
ἄγνοια	2	0.00012673468
ἄγγελος	2	0.00012673468
ὠφέλεια	1	0.00006336734
ψυχρός	1	0.00006336734
ψευδολογία	1	0.00006336734
ψευδής	1	0.00006336734
ψεῦσμα	1	0.00006336734
ψεῦδος	1	0.00006336734
χωρίζω	1	0.00006336734
χρυσόω	1	0.00006336734
χρηστότης	1	0.00006336734
χρέος	1	0.00006336734
χειροτονέω	1	0.00006336734
​ χαράσσω	1	0.00006336734
​ χαλεπός	1	0.00006336734
​ χαλεπαίνω	1	0.00006336734
​ φωνέω	1	0.00006336734
​ φυλή	1	0.00006336734
​ φύρω	1	0.00006336734
​ φρουρός	1	0.00006336734
​ φρόνησις	1	0.00006336734
​ φρικώδης	1	0.00006336734
​ φοινίκη	1	0.00006336734
​ φλύαρος	1	0.00006336734
​ φιλορώμαιος	1	0.00006336734
​ φιλογράμματος	1	0.00006336734
​ φιλοβασιλεύς	1	0.00006336734
​ φιλόπονος	1	0.00006336734
φιλόξενος	1	0.00006336734
φιλέω	1	0.00006336734
φίλων	1	0.00006336734
φίλιος	1	0.00006336734
φθείρω	1	0.00006336734
φαρμακεύς	1	0.00006336734
φανερόω	1	0.00006336734
φάραγξ	1	0.00006336734
υἱός	1	0.00006336734
ὑψηλός	1	0.00006336734
ὑφαιρέω	1	0.00006336734
ὑποτελής	1	0.00006336734
ὑποτελέω	1	0.00006336734
ὑποτάσσω	1	0.00006336734
ὑποστροφή	1	0.00006336734
ὑποπτεύω	1	0.00006336734
ὑποπίπτω	1	0.00006336734
ὑπομένω	1	0.00006336734
ὑποκρίνομαι	1	0.00006336734
ὑποκομίζω	1	0.00006336734
ὑποζώννυμι	1	0.00006336734
ὑποδύομαι	1	0.00006336734
ὑποδείκνυμι	1	0.00006336734
ὑποδέχομαι	1	0.00006336734
ὑποβολεύς	1	0.00006336734
ὑπόσχεσις	1	0.00006336734
ὑπόθεσις	1	0.00006336734
ὑπόδικος	1	0.00006336734
ὑπήκοον	1	0.00006336734
ὑπερῷον	1	0.00006336734
ὑπεξέρχομαι	1	0.00006336734
ὑπέρθεσις	1	0.00006336734
ὑπάγω	1	0.00006336734
ὑμέτερος	1	0.00006336734
ὑβρίζω	1	0.00006336734
τυφόω	1	0.00006336734
τυραννίς	1	0.00006336734
τυραννεύω	1	0.00006336734
τύρος	1	0.00006336734
τρυφή	1	0.00006336734
τριακοστός	1	0.00006336734
τριακόσιοι	1	0.00006336734
τρέφω	1	0.00006336734
τράχηλος	1	0.00006336734
τίμιος	1	0.00006336734
τηλικοῦτος	1	0.00006336734
τεύχω	1	0.00006336734
τετραρχέω	1	0.00006336734
τετρακισχίλιοι	1	0.00006336734
τετράκις	1	0.00006336734
τεταραγμένως	1	0.00006336734
τεσσαρεσκαιδέκατος	1	0.00006336734
τεσσαράκοντα	1	0.00006336734
τελματώδης	1	0.00006336734
τελειόω	1	0.00006336734
τέταρτος	1	0.00006336734
ταυτός	1	0.00006336734
ταύτῃ	1	0.00006336734
ταρσός	1	0.00006336734
ταξίαρχος	1	0.00006336734
τάχος	1	0.00006336734
τάγμα	1	0.00006336734
σώφρων	1	0.00006336734
συχνός	1	0.00006336734
συντυγχάνω	1	0.00006336734
συντρέχω	1	0.00006336734
συνοράω	1	0.00006336734
συνόχωκα	1	0.00006336734
συνίστημι	1	0.00006336734
​ συνήδομαι	1	0.00006336734
​ συνεκπέμπω	1	0.00006336734
​ συνέκδημος	1	0.00006336734
​ συνδιώκω	1	0.00006336734
​ συνδιατρίβω	1	0.00006336734
​ συνδειπνέω	1	0.00006336734
​ συναναπείθω	1	0.00006336734
​ συναναμίγνυμι	1	0.00006336734
​ συνάπτω	1	0.00006336734
συμφεύγω	1	0.00006336734
συμπροέρχομαι	1	0.00006336734
συμπίνω	1	0.00006336734
συμπεριπατέω	1	0.00006336734
συμπείθω	1	0.00006336734
συμπαιδεύω	1	0.00006336734
συμπάρειμι	1	0.00006336734
συμμαχέω	1	0.00006336734
συμβουλία	1	0.00006336734
συμβόλαιον	1	0.00006336734
συκοφαντέω	1	0.00006336734
συγχέω	1	0.00006336734
συγκλείω	1	0.00006336734
συγκαταφέρω	1	0.00006336734
συγκατατίθημι	1	0.00006336734
συγγραφεύς	1	0.00006336734
συγγνώμη	1	0.00006336734
συγγενεύς	1	0.00006336734
σῦκον	1	0.00006336734
σύντονος	1	0.00006336734
σύνταξις	1	0.00006336734
σύνταγμα	1	0.00006336734
σύνοιδα	1	0.00006336734
σύννους	1	0.00006336734
σύνηθέω	1	0.00006336734
σύνειμι	1	0.00006336734
σύνδειπνος	1	0.00006336734
σύμπλους	1	0.00006336734
σύλληψις	1	0.00006336734
στωικός	1	0.00006336734
στρέφω	1	0.00006336734
στρατοπεδάρχης	1	0.00006336734
στρατιωτικός	1	0.00006336734
στρατία	1	0.00006336734
στράτευμα	1	0.00006336734
στολή	1	0.00006336734
στόμα	1	0.00006336734
στῖφος	1	0.00006336734
στενωπός	1	0.00006336734
στέγω	1	0.00006336734
στασιώδης	1	0.00006336734
στασιοποιός	1	0.00006336734
σταθμόν	1	0.00006336734
σπήλαιον	1	0.00006336734
σπεῖρα	1	0.00006336734
σπένδω	1	0.00006336734
σπάω	1	0.00006336734
σκοπάω	1	0.00006336734
σκληραγωγέω	1	0.00006336734
σκηνάω	1	0.00006336734
σιμωνίδης	1	0.00006336734
σιγή	1	0.00006336734
σημεῖον	1	0.00006336734
σεμνότης	1	0.00006336734
σελευκεία	1	0.00006336734
σελεύκειος	1	0.00006336734
σαφής	1	0.00006336734
σαδδουκαῖοι	1	0.00006336734
ῥαίδιον	1	0.00006336734
ῥᾳδιουργός	1	0.00006336734
πως	1	0.00006336734
πωλέω	1	0.00006336734
πωλέομαι	1	0.00006336734
πυρπολέω	1	0.00006336734
πυρετός	1	0.00006336734
πυρέσσω	1	0.00006336734
πταῖσμα	1	0.00006336734
πρωτεῖον	1	0.00006336734
προφέρω	1	0.00006336734
​ προσφεύγω	1	0.00006336734
​ προσυναθροίζω	1	0.00006336734
​ προστρέχω	1	0.00006336734
​ προσταγή	1	0.00006336734
​ προστάτης	1	0.00006336734
​ προσποιέω	1	0.00006336734
​ προσπίτνω	1	0.00006336734
​ προσμείγνυμι	1	0.00006336734
​ προσλαμβάνω	1	0.00006336734
​ προσκατασκάπτω	1	0.00006336734
​ προσηγορία	1	0.00006336734
​ προσεξερεθίζω	1	0.00006336734
​ προσέχω	1	0.00006336734
​ προσγίγνομαι	1	0.00006336734
​ προσανακουφίζω	1	0.00006336734
​ προσαναγράφω	1	0.00006336734
​ προπυνθάνομαι	1	0.00006336734
​ προπέτεια	1	0.00006336734
​ προπέμπω	1	0.00006336734
προπάσχω	1	0.00006336734
προοράω	1	0.00006336734
προνοοῦμαι	1	0.00006336734
προκόπτω	1	0.00006336734
προκατανοέω	1	0.00006336734
προθυμία	1	0.00006336734
προεπίσταμαι	1	0.00006336734
προεξετάζω	1	0.00006336734
προδότις	1	0.00006336734
προγιγνώσκω	1	0.00006336734
προβαίνω	1	0.00006336734
προαναγιγνώσκω	1	0.00006336734
προαιρέω	1	0.00006336734
πρόσωθεν	1	0.00006336734
πρόσταξις	1	0.00006336734
πρόσθεν	1	0.00006336734
πρόσειμι	1	0.00006336734
πρόπαππος	1	0.00006336734
πρόοπτος	1	0.00006336734
πρόθυμος	1	0.00006336734
πρόγραμμα	1	0.00006336734
πρίν	1	0.00006336734
πρηνής	1	0.00006336734
πρεσβεύω	1	0.00006336734
πρέπω	1	0.00006336734
πρακτέος	1	0.00006336734
πρᾶσις	1	0.00006336734
πράκτης	1	0.00006336734
πούς	1	0.00006336734
ποταμός	1	0.00006336734
πονέομαι	1	0.00006336734
πολλαχόθεν	1	0.00006336734
ποθέω	1	0.00006336734
πότε	1	0.00006336734
πόρος	1	0.00006336734
πόρθησις	1	0.00006336734
πόθος	1	0.00006336734
πόθεν	1	0.00006336734
πληρόω	1	0.00006336734
πληθύω	1	0.00006336734
πληγή	1	0.00006336734
πλεονέκτημα	1	0.00006336734
πλέως	1	0.00006336734
πλέω	1	0.00006336734
πλαστογραφία	1	0.00006336734
πλαστός	1	0.00006336734
πλάστης	1	0.00006336734
πικρός	1	0.00006336734
πιθανότης	1	0.00006336734
πετρώδης	1	0.00006336734
περιτέμνω	1	0.00006336734
περισσεύω	1	0.00006336734
περισπάω	1	0.00006336734
περιποιέω	1	0.00006336734
περιπίπτω	1	0.00006336734
περιίστημι	1	0.00006336734
περιέρχομαι	1	0.00006336734
περιαλγέω	1	0.00006336734
περίφοβος	1	0.00006336734
περίοικος	1	0.00006336734
περίκειμαι	1	0.00006336734
περίθετος	1	0.00006336734
πεντήκοντα	1	0.00006336734
πειθαρχέω	1	0.00006336734
παρθένος	1	0.00006336734
παρέκβασις	1	0.00006336734
παραχρῆμα	1	0.00006336734
παρατίθημι	1	0.00006336734
παρασπονδέω	1	0.00006336734
παρασκευή	1	0.00006336734
παραράω	1	0.00006336734
παραπολέγω	1	0.00006336734
παραναγιγνώσκω	1	0.00006336734
παραμυθία	1	0.00006336734
παραμυθέομαι	1	0.00006336734
παρακολουθέω	1	0.00006336734
παραβαίνω	1	0.00006336734
παραβάλλω	1	0.00006336734
παράκειμαι	1	0.00006336734
παράδοξος	1	0.00006336734
παράγω	1	0.00006336734
παντοῖος	1	0.00006336734
παντάπασι	1	0.00006336734
πανουργία	1	0.00006336734
πανδημεί	1	0.00006336734
παλαιός	1	0.00006336734
παιδιή	1	0.00006336734
παιδαγωγός	1	0.00006336734
παίω	1	0.00006336734
οὐσία	1	0.00006336734
οἰκοδομέω	1	0.00006336734
οἰκήτωρ	1	0.00006336734
οἰκέω	1	0.00006336734
οἴκημα	1	0.00006336734
ὁσάκις	1	0.00006336734
ὁρκίζω	1	0.00006336734
ὁμολογουμένως	1	0.00006336734
ὁμοεθνής	1	0.00006336734
ὁμόνοια	1	0.00006336734
ὁμηρεύω	1	0.00006336734
ὁδοιπορέω	1	0.00006336734
ὁδηγέω	1	0.00006336734
ὁδεύω	1	0.00006336734
ὅτε	1	0.00006336734
ὅμηρος	1	0.00006336734
ὅδε	1	0.00006336734
ὀχυρότης	1	0.00006336734
ὀχλέω	1	0.00006336734
ὀφθαλμός	1	0.00006336734
ὀροφή	1	0.00006336734
ὀρθός	1	0.00006336734
ὀρεινός	1	0.00006336734
ὀρέγω	1	0.00006336734
ὀργάς	1	0.00006336734
ὀξέως	1	0.00006336734
ὀνομάζω	1	0.00006336734
ὀλίγωρος	1	0.00006336734
ὀκτακόσιοι	1	0.00006336734
ὀδύρομαι	1	0.00006336734
ὄρος	1	0.00006336734
ὄντως	1	0.00006336734
ὄνος	1	0.00006336734
ὄμνυμι	1	0.00006336734
ὄλεθρος	1	0.00006336734
ξύλον	1	0.00006336734
ξιφίδιον	1	0.00006336734
ξίφος	1	0.00006336734
νοέω	1	0.00006336734
νόος	1	0.00006336734
νίκη	1	0.00006336734
νηστεία	1	0.00006336734
νεότης	1	0.00006336734
νεανίσκος	1	0.00006336734
νέμω	1	0.00006336734
ναῦς	1	0.00006336734
ναύτης	1	0.00006336734
μύσος	1	0.00006336734
μοχθηρία	1	0.00006336734
μορφή	1	0.00006336734
μονόω	1	0.00006336734
μολύνω	1	0.00006336734
μόλις	1	0.00006336734
μνήμη	1	0.00006336734
μισοπονηρία	1	0.00006336734
μισοπονηρέω	1	0.00006336734
μισθοφορά	1	0.00006336734
μισέω	1	0.00006336734
μιμολόγος	1	0.00006336734
μιαρός	1	0.00006336734
μηχανάομαι	1	0.00006336734
μητρόπολις	1	0.00006336734
μηκέτι	1	0.00006336734
μηδέποτε	1	0.00006336734
μῆνις	1	0.00006336734
μήνη	1	0.00006336734
μετριότης	1	0.00006336734
μετουσία	1	0.00006336734
μετενδύω	1	0.00006336734
μετακομίζω	1	0.00006336734
μετακαλέω	1	0.00006336734
μεταβολεύς	1	0.00006336734
μεταβαίνω	1	0.00006336734
μετάστασις	1	0.00006336734
μετάνοια	1	0.00006336734
μεστός	1	0.00006336734
μερίς	1	0.00006336734
μεθύσκω	1	0.00006336734
μέμψις	1	0.00006336734
μέλας	1	0.00006336734
μέθυσος	1	0.00006336734
μέγεθος	1	0.00006336734
μανία	1	0.00006336734
μακαρίζω	1	0.00006336734
μάστιξ	1	0.00006336734
λυχνία	1	0.00006336734
λύτρον	1	0.00006336734
λύπη	1	0.00006336734
λοχάω	1	0.00006336734
λούω	1	0.00006336734
λοιπάς	1	0.00006336734
λοιδορέω	1	0.00006336734
λογισμός	1	0.00006336734
λιπαρής	1	0.00006336734
λίθος	1	0.00006336734
λίβανος	1	0.00006336734
λίαν	1	0.00006336734
ληιστός	1	0.00006336734
λῃστρικός	1	0.00006336734
λῆψις	1	0.00006336734
λῆμμα	1	0.00006336734
λήγω	1	0.00006336734
λαμπρότης	1	0.00006336734
λαλέω	1	0.00006336734
λάθρῃ	1	0.00006336734
κωμάζω	1	0.00006336734
κυρτός	1	0.00006336734
κυρόω	1	0.00006336734
κυρηναικός	1	0.00006336734
κυρήνη	1	0.00006336734
κυκλόω	1	0.00006336734
κύαθος	1	0.00006336734
κτίστης	1	0.00006336734
κρύφα	1	0.00006336734
κρότος	1	0.00006336734
κρήτη	1	0.00006336734
κρεμάννυμι	1	0.00006336734
κρατέω	1	0.00006336734
κορίνθιος	1	0.00006336734
κολακεύω	1	0.00006336734
κοιτών	1	0.00006336734
κοινωνός	1	0.00006336734
κοινῇ	1	0.00006336734
κοιμάω	1	0.00006336734
κόσμος	1	0.00006336734
κόπος	1	0.00006336734
κόμη	1	0.00006336734
κλῖμαξ	1	0.00006336734
κλίνη	1	0.00006336734
κλείω	1	0.00006336734
κλαίω	1	0.00006336734
κλάω	1	0.00006336734
κερεάλιος	1	0.00006336734
κενός	1	0.00006336734
κέω	1	0.00006336734
κέρδος	1	0.00006336734
κατορθόω	1	0.00006336734
κατόρθωσις	1	0.00006336734
κατηχέω	1	0.00006336734
κατηφής	1	0.00006336734
κατήφεια	1	0.00006336734
κατεῖδον	1	0.00006336734
κατέπειμι	1	0.00006336734
καταψηφίζομαι	1	0.00006336734
καταψευδομαρτυρέω	1	0.00006336734
καταστροφεύς	1	0.00006336734
κατασκευή	1	0.00006336734
κατασκαφή	1	0.00006336734
καταπλέω	1	0.00006336734
καταπίμπρημι	1	0.00006336734
κατανοέω	1	0.00006336734
κατανέω	1	0.00006336734
καταναγκάζω	1	0.00006336734
καταμένω	1	0.00006336734
καταμέμφομαι	1	0.00006336734
καταμανθάνω	1	0.00006336734
καταλεύω	1	0.00006336734
κατακτάομαι	1	0.00006336734
κατακρίνω	1	0.00006336734
κατακολουθέω	1	0.00006336734
κατακερτομέω	1	0.00006336734
καταθύμιος	1	0.00006336734
καταθέω	1	0.00006336734
καταγιγνώσκω	1	0.00006336734
κατάφορτος	1	0.00006336734
κατάμεμψις	1	0.00006336734
κατάκειμαι	1	0.00006336734
κατάγνωσις	1	0.00006336734
κακοῦργος	1	0.00006336734
κακούργημα	1	0.00006336734
κακοήθεια	1	0.00006336734
καθυπνόω	1	0.00006336734
καθεύδω	1	0.00006336734
καθέλκω	1	0.00006336734
καθαρός	1	0.00006336734
καθαρεύω	1	0.00006336734
κάτος	1	0.00006336734
κάρυον	1	0.00006336734
κάμνω	1	0.00006336734
κάμηλος	1	0.00006336734
ἱκετεία	1	0.00006336734
ἱερατικός	1	0.00006336734
ἱδρύω	1	0.00006336734
ἰταλός	1	0.00006336734
ἰούλιος	1	0.00006336734
ἰούδας	1	0.00006336734
ἰατρίνη	1	0.00006336734
ἰάπτω	1	0.00006336734
ἴχνος	1	0.00006336734
ἴσως	1	0.00006336734
θώραξ	1	0.00006336734
θυγάτηρ	1	0.00006336734
θραῦσις	1	0.00006336734
θρασύνω	1	0.00006336734
θράσος	1	0.00006336734
θερμός	1	0.00006336734
θεμιτός	1	0.00006336734
θαυμάσιος	1	0.00006336734
θάρσος	1	0.00006336734
θάλασσα	1	0.00006336734
ἡσυχία	1	0.00006336734
ἡσυχάω	1	0.00006336734
ἡμίονος	1	0.00006336734
ἡλικία	1	0.00006336734
ἡδύς	1	0.00006336734
ἥδομαι	1	0.00006336734
ἠρεμέω	1	0.00006336734
ζώιον	1	0.00006336734
ζημία	1	0.00006336734
ζηλωτής	1	0.00006336734
ζήτησις	1	0.00006336734
ζεύς	1	0.00006336734
εὐτυχής	1	0.00006336734
εὐτρεπής	1	0.00006336734
εὐσχήμων	1	0.00006336734
εὐσεβής	1	0.00006336734
εὐσεβέω	1	0.00006336734
εὐπορία	1	0.00006336734
εὐνοῦχος	1	0.00006336734
εὐκαταφρόνητος	1	0.00006336734
εὐεργετέω	1	0.00006336734
εὐγενής	1	0.00006336734
εὔτρεπτος	1	0.00006336734
εὔνους	1	0.00006336734
εἱρκτή	1	0.00006336734
εἰσωθέω	1	0.00006336734
εἰσχάω	1	0.00006336734
εἰστρέχω	1	0.00006336734
εἰσπράσσω	1	0.00006336734
εἰσκαλέω	1	0.00006336734
εἰσηγέομαι	1	0.00006336734
εἰσδέω	1	0.00006336734
εἰσβάλλω	1	0.00006336734
εἰσάγω	1	0.00006336734
εἰρωνεύομαι	1	0.00006336734
εἰκοστός	1	0.00006336734
εἶμι	1	0.00006336734
εἶεν	1	0.00006336734
εἴπερ	1	0.00006336734
ἑτοιμότης	1	0.00006336734
ἑστιάω	1	0.00006336734
ἑσπέρα	1	0.00006336734
ἑκούσιος	1	0.00006336734
ἑκκαίδεκα	1	0.00006336734
ἕξ	1	0.00006336734
ἕβδομος	1	0.00006336734
ἐχυρότης	1	0.00006336734
ἐφημερίς	1	0.00006336734
ἐφεδρεύω	1	0.00006336734
ἐφέζομαι	1	0.00006336734
ἐσχατιά	1	0.00006336734
ἐρρωμένος	1	0.00006336734
ἐρημία	1	0.00006336734
ἐρῆμος	1	0.00006336734
ἐπόμνυμι	1	0.00006336734
ἐπιχείρημα	1	0.00006336734
ἐπιφανής	1	0.00006336734
ἐπιτυγχάνω	1	0.00006336734
ἐπιτροπεύω	1	0.00006336734
ἐπιτρέχω	1	0.00006336734
ἐπιτηρέω	1	0.00006336734
ἐπιστενάζω	1	0.00006336734
ἐπισπεύδω	1	0.00006336734
ἐπισπάω	1	0.00006336734
ἐπισκευάζω	1	0.00006336734
ἐπινεύω	1	0.00006336734
ἐπιμιμνήσκομαι	1	0.00006336734
ἐπιμελητής	1	0.00006336734
ἐπιμένω	1	0.00006336734
ἐπιμανής	1	0.00006336734
ἐπιλανθάνομαι	1	0.00006336734
ἐπικρατέω	1	0.00006336734
ἐπικράτεια	1	0.00006336734
ἐπιθέω	1	0.00006336734
ἐπιεικής	1	0.00006336734
ἐπιδιώκω	1	0.00006336734
ἐπιδημέω	1	0.00006336734
ἐπιβλέπω	1	0.00006336734
ἐπιβαίνω	1	0.00006336734
ἐπίτροπος	1	0.00006336734
ἐπίσχω	1	0.00006336734
ἐπίσημος	1	0.00006336734
ἐπίορκος	1	0.00006336734
ἐπίθεσις	1	0.00006336734
ἐπίδοσις	1	0.00006336734
ἐπίβουλος	1	0.00006336734
ἐπεπικουρέω	1	0.00006336734
ἐπελαφρύνω	1	0.00006336734
ἐπεισφέρω	1	0.00006336734
ἐπαφρόδιτος	1	0.00006336734
ἐπαρχία	1	0.00006336734
ἐπανορθόω	1	0.00006336734
ἐπανίστημι	1	0.00006336734
ἐπακούω	1	0.00006336734
ἐπακολουθέω	1	0.00006336734
ἐπάγνυμι	1	0.00006336734
ἐξοκέλλω	1	0.00006336734
ἐξίστημι	1	0.00006336734
ἐξετάζω	1	0.00006336734
ἐξερεθίζω	1	0.00006336734
ἐξεῖπον	1	0.00006336734
ἐξεγείρω	1	0.00006336734
ἐξέτασις	1	0.00006336734
ἐξανίστημι	1	0.00006336734
ἐξακούω	1	0.00006336734
ἐξαίφνης	1	0.00006336734
ἐξάγνυμι	1	0.00006336734
ἐνύβρισμα	1	0.00006336734
ἐντρέπω	1	0.00006336734
ἐννεακαιδέκατος	1	0.00006336734
ἐννέα	1	0.00006336734
ἐνίστημι	1	0.00006336734
ἐνθύμημα	1	0.00006336734
ἐνεύω	1	0.00006336734
ἐνεργέω	1	0.00006336734
ἐνενήκοντα	1	0.00006336734
ἐνδοτέρω	1	0.00006336734
ἐνδοιάζω	1	0.00006336734
ἐνδείκνυμι	1	0.00006336734
ἐναρμόζω	1	0.00006336734
ἐνάγω	1	0.00006336734
ἐμφανίζω	1	0.00006336734
ἐμφανής	1	0.00006336734
ἐμπρησμός	1	0.00006336734
ἐμποδών	1	0.00006336734
ἐμποδίζω	1	0.00006336734
ἐμβλέπω	1	0.00006336734
ἐλεύθερος	1	0.00006336734
ἐλεεινός	1	0.00006336734
ἐλαύνω	1	0.00006336734
ἐλασσόω	1	0.00006336734
ἐλάσσων	1	0.00006336734
ἐκτρέχω	1	0.00006336734
​ ἐκποδών	1	0.00006336734
​ ἐκμανθάνω	1	0.00006336734
​ ἐκλύω	1	0.00006336734
​ ἐκλανθάνω	1	0.00006336734
​ ἐκκόπτω	1	0.00006336734
​ ἐκκλίνω	1	0.00006336734
​ ἐκκλησία	1	0.00006336734
​ ἐκδημέω	1	0.00006336734
​ ἐγκλείω	1	0.00006336734
​ ἐγκαθέζομαι	1	0.00006336734
​ ἐγείρω	1	0.00006336734
​ ἐγγράφω	1	0.00006336734
ἔχθρα	1	0.00006336734
ἔτης	1	0.00006336734
ἔται	1	0.00006336734
ἔποικος	1	0.00006336734
ἔπισος	1	0.00006336734
ἔοικα	1	0.00006336734
ἔξεστι	1	0.00006336734
ἔνιοι	1	0.00006336734
ἔνειμι	1	0.00006336734
ἔνδον	1	0.00006336734
ἔμπρησις	1	0.00006336734
ἔλεος	1	0.00006336734
ἔλεγχος	1	0.00006336734
ἔγκειμαι	1	0.00006336734
δωρέομαι	1	0.00006336734
δῶρος	1	0.00006336734
δῶρον	1	0.00006336734
δυστυχής	1	0.00006336734
δυσμένεια	1	0.00006336734
δυσανασχετέω	1	0.00006336734
δυναστεία	1	0.00006336734
δύσκολος	1	0.00006336734
δρασμός	1	0.00006336734
δοῦλος	1	0.00006336734
δοξόω	1	0.00006336734
δοκιμάζω	1	0.00006336734
δόγμα	1	0.00006336734
διῶρυξ	1	0.00006336734
διορθόω	1	0.00006336734
διοίκησις	1	0.00006336734
δικαστής	1	0.00006336734
δικαιοσύνη	1	0.00006336734
διίστημι	1	0.00006336734
διήγησις	1	0.00006336734
διδασκαλία	1	0.00006336734
διδάσκαλος	1	0.00006336734
διαχράω	1	0.00006336734
διαφορά	1	0.00006336734
διαφίημι	1	0.00006336734
διατριβή	1	0.00006336734
διατρέφω	1	0.00006336734
διαταράσσω	1	0.00006336734
διασύρω	1	0.00006336734
διαστασιάζω	1	0.00006336734
διασαφέω	1	0.00006336734
διαρπαγή	1	0.00006336734
διαπράσσω	1	0.00006336734
διαπορεύω	1	0.00006336734
διαπεραιόω	1	0.00006336734
διαπεράω	1	0.00006336734
διανίσταμαι	1	0.00006336734
διανέμω	1	0.00006336734
διαλέγω	1	0.00006336734
διακούω	1	0.00006336734
διακινδυνεύω	1	0.00006336734
διαδοκέω	1	0.00006336734
διαγείρω	1	0.00006336734
διαβολή	1	0.00006336734
διάγω	1	0.00006336734
δίωξις	1	0.00006336734
δίαιτα	1	0.00006336734
δημηγορέω	1	0.00006336734
δημαγωγέω	1	0.00006336734
δῆλος	1	0.00006336734
δεξιός	1	0.00006336734
δεξιά	1	0.00006336734
δεξάμενος	1	0.00006336734
δεκατόω	1	0.00006336734
δεκάδαρχος	1	0.00006336734
δειλία	1	0.00006336734
δέσμη	1	0.00006336734
δέος	1	0.00006336734
δένδρον	1	0.00006336734
δέλτος	1	0.00006336734
δαψιλής	1	0.00006336734
δαπανάω	1	0.00006336734
δαμασκός	1	0.00006336734
δακρύω	1	0.00006336734
δαίμων	1	0.00006336734
γραφή	1	0.00006336734
γραφεύς	1	0.00006336734
γοητεία	1	0.00006336734
γνώριμος	1	0.00006336734
γνήσιος	1	0.00006336734
γενεά	1	0.00006336734
γέλως	1	0.00006336734
γαῗος	1	0.00006336734
γάμος	1	0.00006336734
βύβλος	1	0.00006336734
βοηθέω	1	0.00006336734
βοή	1	0.00006336734
βόσκημα	1	0.00006336734
βελτίων	1	0.00006336734
βεβαιόω	1	0.00006336734
βασκαίνω	1	0.00006336734
βασιλίς	1	0.00006336734
βαπτίζω	1	0.00006336734
βᾶρις	1	0.00006336734
βάζω	1	0.00006336734
αὐχήν	1	0.00006336734
αὐχέω	1	0.00006336734
αὐτόματος	1	0.00006336734
αὐξάνω	1	0.00006336734
αὐθήμερος	1	0.00006336734
αὖ	1	0.00006336734
αἰχμαλωτίς	1	0.00006336734
αἰτέω	1	0.00006336734
αἰκίζομαι	1	0.00006336734
αἴτησις	1	0.00006336734
ἁλώσιμος	1	0.00006336734
ἁλίτυρος	1	0.00006336734
ἁγνεία	1	0.00006336734
ἅτε	1	0.00006336734
ἅμα	1	0.00006336734
ἅλλομαι	1	0.00006336734
ἀφροσύνη	1	0.00006336734
ἀφορμή	1	0.00006336734
ἀφοράω	1	0.00006336734
ἀφνίδιος	1	0.00006336734
ἀφθονία	1	0.00006336734
ἀτυχέω	1	0.00006336734
ἀτέλεια	1	0.00006336734
ἀσφαλίζομαι	1	0.00006336734
ἀσεβής	1	0.00006336734
ἀρχιτέκτων	1	0.00006336734
ἀρχιλῃστής	1	0.00006336734
ἀρχῆθεν	1	0.00006336734
ἀρχεῖον	1	0.00006336734
ἀρχέλαος	1	0.00006336734
ἀρχαιολογία	1	0.00006336734
ἀριστοποιέω	1	0.00006336734
ἀριστερός	1	0.00006336734
ἀρετή	1	0.00006336734
ἀρά	1	0.00006336734
ἀπρονόητος	1	0.00006336734
ἀπρεπής	1	0.00006336734
ἀποφέρω	1	0.00006336734
ἀποφαίνω	1	0.00006336734
ἀποτυγχάνω	1	0.00006336734
ἀποτρέπω	1	0.00006336734
ἀποτίνω	1	0.00006336734
ἀποτίθημι	1	0.00006336734
ἀποστολή	1	0.00006336734
ἀποστασία	1	0.00006336734
ἀποσπάω	1	0.00006336734
ἀποπέμπω	1	0.00006336734
ἀπονοέομαι	1	0.00006336734
ἀπονέμω	1	0.00006336734
ἀποκρίνω	1	0.00006336734
ἀποκαλέω	1	0.00006336734
ἀποκαθίστημι	1	0.00006336734
ἀποθαυμάζω	1	0.00006336734
ἀποδείκνυμι	1	0.00006336734
ἀποδέω	1	0.00006336734
ἀποβαίνω	1	0.00006336734
ἀπόφασις	1	0.00006336734
ἀπόρρητος	1	0.00006336734
ἀπόκειμαι	1	0.00006336734
ἀπόδρασις	1	0.00006336734
ἀπιστία	1	0.00006336734
ἀπιστέω	1	0.00006336734
ἀπελαύνω	1	0.00006336734
ἀπείργω	1	0.00006336734
ἀπαρτίζω	1	0.00006336734
ἀπαρτάω	1	0.00006336734
ἀπάτη	1	0.00006336734
ἀπάλλομαι	1	0.00006336734
ἀπάγω	1	0.00006336734
ἀξίωμα	1	0.00006336734
ἀντιτάσσω	1	0.00006336734
ἀντιστρατηγέω	1	0.00006336734
ἀντιπαρατάσσομαι	1	0.00006336734
ἀντιλέγω	1	0.00006336734
ἀντιγραφή	1	0.00006336734
ἀντίπαις	1	0.00006336734
ἀντίγραφος	1	0.00006336734
ἀντί	1	0.00006336734
ἀντεῖπον	1	0.00006336734
ἀνταίρω	1	0.00006336734
ἀνοίγνυμι	1	0.00006336734
ἀνόνητος	1	0.00006336734
ἀνόητος	1	0.00006336734
ἀνιαρός	1	0.00006336734
ἀνήκεστος	1	0.00006336734
ἀνεπίσχετος	1	0.00006336734
ἀνεπίβατος	1	0.00006336734
ἀνέχω	1	0.00006336734
ἀνέτοιμος	1	0.00006336734
ἀνδρεῖος	1	0.00006336734
ἀνδρεία	1	0.00006336734
ἀναχώρησις	1	0.00006336734
ἀναφανδά	1	0.00006336734
ἀνατρέπω	1	0.00006336734
ἀναστρέφω	1	0.00006336734
ἀνασταυρόω	1	0.00006336734
ἀναρπάζω	1	0.00006336734
ἀναπτύσσω	1	0.00006336734
ἀναπηδάω	1	0.00006336734
ἀναπαύω	1	0.00006336734
ἀναλίσκω	1	0.00006336734
ἀναλέγω	1	0.00006336734
ἀνακτίζω	1	0.00006336734
ἀνακρίνω	1	0.00006336734
ἀνακόπτω	1	0.00006336734
ἀναίσχυντος	1	0.00006336734
ἀναίρεσις	1	0.00006336734
ἀναίδεια	1	0.00006336734
ἀναδιδάσκω	1	0.00006336734
ἀναγραφή	1	0.00006336734
ἀναγκαῖον	1	0.00006336734
ἀναβολεύς	1	0.00006336734
ἀνάγω	1	0.00006336734
ἀμφοτέρωθεν	1	0.00006336734
ἀμφότερος	1	0.00006336734
ἀμύνω	1	0.00006336734
ἀμετάβλητος	1	0.00006336734
ἀλεξάνδρη	1	0.00006336734
ἀκριβῶς	1	0.00006336734
ἀκριβόω	1	0.00006336734
ἀκολουθέω	1	0.00006336734
ἀθροίζω	1	0.00006336734
ἀθέμιστος	1	0.00006336734
ἀδρίας	1	0.00006336734
ἀδεής	1	0.00006336734
ἀγωνιάω	1	0.00006336734
ἀγών	1	0.00006336734
ἀγρός	1	0.00006336734
ἀγορά	1	0.00006336734
ἀγός	1	0.00006336734
ἀγγελία	1	0.00006336734
ἀγγέλλω	1	0.00006336734
ἄχρι	1	0.00006336734
ἄχρηστος	1	0.00006336734
ἄχθομαι	1	0.00006336734
ἄρθρον	1	0.00006336734
ἄρβηλος	1	0.00006336734
ἄρβηλα	1	0.00006336734
ἄρα	1	0.00006336734
ἄπωθεν	1	0.00006336734
ἄπειρος	1	0.00006336734
ἄντυλλος	1	0.00006336734
ἄντικρυς	1	0.00006336734
ἄνευ	1	0.00006336734
ἄμφω	1	0.00006336734
ἄδοξος	1	0.00006336734
ἄδικος	1	0.00006336734
ἄγνωστος	1	0.00006336734
ἄγκυρα	1	0.00006336734