name,verbs,articles,nouns,pronouns,adjectives,prepositions,particles,conjunctions,unknowns,adverbs,propers,interjections
1-de_Bello_Judaico-1.1,0.1415929204,0.1415929204,0.1238938053,0.06194690265,0.1504424779,0.07079646018,0.07079646018,0.07079646018,0.05309734513,0.0796460177,0.03539823009,0
2-de_Bello_Judaico-1.4,0.1630434783,0.1304347826,0.1739130435,0.03260869565,0.1086956522,0.08695652174,0.1304347826,0.0652173913,0.03260869565,0.03260869565,0.04347826087,0
3-de_Bello_Judaico-1.6,0.1694915254,0.1016949153,0.08474576271,0.03389830508,0.1186440678,0.06779661017,0.08474576271,0.1694915254,0.03389830508,0.05084745763,0.08474576271,0
4-de_Bello_Judaico-1.7,0.2631578947,0.1052631579,0.1052631579,0.2105263158,0,0.1052631579,0.1052631579,0.05263157895,0,0.05263157895,0,0
5-de_Bello_Judaico-1.7,0.2857142857,0.1428571429,0,0,0,0,0.2142857143,0.07142857143,0.07142857143,0.1428571429,0.07142857143,0
6-de_Bello_Judaico-1.8,0.3636363636,0.09090909091,0,0,0.09090909091,0,0.1818181818,0,0,0.2727272727,0,0
7-de_Bello_Judaico-1.8,0.1935483871,0.2580645161,0.1612903226,0.06451612903,0.09677419355,0.03225806452,0,0.03225806452,0.06451612903,0.09677419355,0,0
8-de_Bello_Judaico-1.9,0.2,0.275,0.15,0.05,0.1,0.05,0.075,0.025,0.025,0.05,0,0
9-de_Bello_Judaico-1.10,0.1428571429,0.2142857143,0.2142857143,0.05357142857,0.1071428571,0.07142857143,0.05357142857,0.05357142857,0.01785714286,0.01785714286,0.05357142857,0
10-de_Bello_Judaico-1.11,0.1379310345,0.2413793103,0.1379310345,0.06896551724,0.2068965517,0.06896551724,0.03448275862,0.1034482759,0,0,0,0
11-de_Bello_Judaico-1.11,0.1818181818,0.09090909091,0.09090909091,0,0.1818181818,0.1363636364,0.1818181818,0.04545454545,0.04545454545,0.04545454545,0,0
12-de_Bello_Judaico-1.12,0.1538461538,0.1538461538,0.2307692308,0,0.07692307692,0.2307692308,0.07692307692,0,0,0,0.07692307692,0
13-de_Bello_Judaico-1.12,0.2,0,0.1,0.2,0.3,0,0,0.2,0,0,0,0
14-de_Bello_Judaico-1.12,0.1666666667,0.2222222222,0.2777777778,0.05555555556,0.05555555556,0,0.1666666667,0.05555555556,0,0,0,0
15-de_Bello_Judaico-1.13,0.2051282051,0.1282051282,0.1794871795,0.1538461538,0.07692307692,0.05128205128,0.1025641026,0.05128205128,0,0.02564102564,0.02564102564,0
16-de_Bello_Judaico-1.13,0.1333333333,0.1333333333,0.1333333333,0.06666666667,0.06666666667,0.06666666667,0.06666666667,0.06666666667,0,0.1333333333,0.1333333333,0
17-de_Bello_Judaico-1.14,0.1538461538,0.2307692308,0.07692307692,0.07692307692,0.2307692308,0.07692307692,0.07692307692,0.07692307692,0,0,0,0
18-de_Bello_Judaico-1.14,0.2916666667,0.2083333333,0.08333333333,0.04166666667,0.08333333333,0.08333333333,0.04166666667,0.08333333333,0,0.08333333333,0,0
19-de_Bello_Judaico-1.15,0.15,0.25,0.2,0.05,0.1,0.05,0.1,0.1,0,0,0,0
20-de_Bello_Judaico-1.15,0.09090909091,0.2272727273,0.1818181818,0,0.2272727273,0.04545454545,0.04545454545,0.09090909091,0,0.09090909091,0,0
21-de_Bello_Judaico-1.16,0.1176470588,0.1176470588,0.1764705882,0.05882352941,0.1176470588,0,0.1176470588,0.1176470588,0.05882352941,0.05882352941,0.05882352941,0
22-de_Bello_Judaico-1.16,0.2045454545,0.2045454545,0.1590909091,0,0.1363636364,0.06818181818,0.09090909091,0.09090909091,0,0.04545454545,0,0
23-de_Bello_Judaico-1.16,0.1666666667,0.1666666667,0.08333333333,0.08333333333,0.08333333333,0.1666666667,0.08333333333,0.08333333333,0,0,0.08333333333,0
24-de_Bello_Judaico-1.17,0.2105263158,0.08771929825,0.05263157895,0.0701754386,0.1578947368,0.0350877193,0.08771929825,0.1578947368,0,0.0701754386,0.0701754386,0
25-de_Bello_Judaico-1.18,0.1176470588,0.1764705882,0.1764705882,0.1176470588,0.1176470588,0,0.1176470588,0.05882352941,0,0.1176470588,0,0
26-de_Bello_Judaico-1.18,0.126984127,0.1587301587,0.1587301587,0.04761904762,0.126984127,0.09523809524,0.06349206349,0.09523809524,0.06349206349,0.03174603175,0.03174603175,0
27-de_Bello_Judaico-1.19,0.1260504202,0.1596638655,0.1344537815,0.05042016807,0.09243697479,0.09243697479,0.06722689076,0.1260504202,0.09243697479,0.008403361345,0.05042016807,0
28-de_Bello_Judaico-1.22,0.0701754386,0.2456140351,0.1929824561,0.01754385965,0.08771929825,0.08771929825,0.0701754386,0.1403508772,0.0350877193,0.0350877193,0.01754385965,0
29-de_Bello_Judaico-1.22,0.3333333333,0.08333333333,0.08333333333,0.1666666667,0,0.08333333333,0.25,0,0,0,0,0
30-de_Bello_Judaico-1.23,0.2105263158,0.1052631579,0.1052631579,0,0,0.1052631579,0.1052631579,0.05263157895,0.1578947368,0.1052631579,0.05263157895,0
31-de_Bello_Judaico-1.23,0.1086956522,0.1739130435,0.1086956522,0.152173913,0.08695652174,0.1304347826,0.04347826087,0.1304347826,0.02173913043,0,0.04347826087,0
32-de_Bello_Judaico-1.25,0.09345794393,0.214953271,0.1962616822,0.03738317757,0.1401869159,0.03738317757,0.06542056075,0.1495327103,0,0.04672897196,0.01869158879,0
33-de_Bello_Judaico-1.27,0.1379310345,0.2413793103,0.1379310345,0,0.1551724138,0.1034482759,0.05172413793,0.1034482759,0.01724137931,0.03448275862,0.01724137931,0
34-de_Bello_Judaico-1.28,0.08771929825,0.2456140351,0.2280701754,0.0350877193,0.1228070175,0.05263157895,0.1052631579,0.1052631579,0,0,0.01754385965,0
35-de_Bello_Judaico-1.29,0.125,0.25,0.1875,0.03125,0.0625,0.03125,0.09375,0.125,0.03125,0,0.0625,0
36-de_Bello_Judaico-1.30,0.1875,0.15625,0.25,0.0625,0.0625,0.0625,0.03125,0.15625,0,0.03125,0,0
37-de_Bello_Judaico-1.30,0.1818181818,0.1818181818,0.1818181818,0.1818181818,0.09090909091,0,0.09090909091,0.09090909091,0,0,0,0
38-de_Bello_Judaico-1.31,0.1666666667,0.1875,0.1458333333,0.04166666667,0.1666666667,0.1041666667,0.04166666667,0.02083333333,0.02083333333,0.02083333333,0.08333333333,0
39-de_Bello_Judaico-1.32,0.3076923077,0.1538461538,0.07692307692,0.07692307692,0,0.1538461538,0.07692307692,0,0,0,0.1538461538,0
40-de_Bello_Judaico-1.32,0.1764705882,0.1568627451,0.1764705882,0.03921568627,0.1568627451,0.07843137255,0.05882352941,0.09803921569,0,0.03921568627,0.01960784314,0
41-de_Bello_Judaico-1.33,0.16,0.12,0.2,0.04,0.08,0.12,0.08,0.08,0.08,0,0.04,0
42-de_Bello_Judaico-1.33,0.1666666667,0,0.1666666667,0.1666666667,0,0.3333333333,0,0,0,0.1666666667,0,0
43-de_Bello_Judaico-1.34,0.1555555556,0.1555555556,0.2,0.04444444444,0.1111111111,0.08888888889,0.08888888889,0.06666666667,0,0.04444444444,0.04444444444,0
44-de_Bello_Judaico-1.35,0.2222222222,0.1111111111,0,0.1111111111,0.2222222222,0.1111111111,0.2222222222,0,0,0,0,0
45-de_Bello_Judaico-1.35,0.1590909091,0.1818181818,0.2727272727,0.02272727273,0.09090909091,0.1136363636,0,0.06818181818,0.02272727273,0.02272727273,0.04545454545,0
46-de_Bello_Judaico-1.36,0.125,0.08333333333,0.25,0.04166666667,0.125,0.08333333333,0.08333333333,0,0.125,0.04166666667,0.04166666667,0
47-de_Bello_Judaico-1.36,0.1666666667,0.25,0.1666666667,0,0.08333333333,0.08333333333,0.08333333333,0.08333333333,0,0.08333333333,0,0
48-de_Bello_Judaico-1.37,0.3,0.15,0.15,0,0.05,0.05,0.1,0.1,0,0,0.1,0
49-de_Bello_Judaico-1.37,0.1538461538,0.2692307692,0.1923076923,0,0.1538461538,0.1153846154,0.03846153846,0.03846153846,0,0,0.03846153846,0
50-de_Bello_Judaico-1.38,0.2,0.1333333333,0.1,0,0.1333333333,0.1,0.1,0.06666666667,0.03333333333,0.1,0.03333333333,0
51-de_Bello_Judaico-1.39,0.1481481481,0.2222222222,0.07407407407,0,0.1851851852,0.1851851852,0.07407407407,0.03703703704,0,0.07407407407,0,0
52-de_Bello_Judaico-1.39,0.125,0.25,0.375,0.125,0,0,0.125,0,0,0,0,0
53-de_Bello_Judaico-1.39,0.2,0.2,0.1714285714,0,0.1428571429,0.05714285714,0.08571428571,0.1142857143,0.02857142857,0,0,0
54-de_Bello_Judaico-1.40,0.12,0.2,0.2,0.04,0.08,0.04,0.12,0.04,0,0.04,0.12,0
55-de_Bello_Judaico-1.41,0.1052631579,0.1052631579,0.1578947368,0,0.2105263158,0.1052631579,0.2105263158,0,0,0.05263157895,0.05263157895,0
56-de_Bello_Judaico-1.41,0.2,0.1,0.15,0.05,0.1,0.1,0.15,0,0.1,0,0.05,0
57-de_Bello_Judaico-1.42,0.1904761905,0.2142857143,0.09523809524,0.04761904762,0.1904761905,0.04761904762,0.07142857143,0.04761904762,0.02380952381,0.04761904762,0.02380952381,0
58-de_Bello_Judaico-1.43,0.3,0.2,0.125,0.05,0.075,0.075,0.1,0.025,0,0.05,0,0
59-de_Bello_Judaico-1.44,0.25,0.125,0.125,0.125,0.125,0,0.25,0,0,0,0,0
60-de_Bello_Judaico-1.44,0.2727272727,0.1818181818,0.09090909091,0.04545454545,0.1818181818,0.04545454545,0.04545454545,0.09090909091,0,0,0.04545454545,0
61-de_Bello_Judaico-1.45,0.125,0.125,0.125,0,0.25,0,0.125,0.125,0.125,0,0,0
62-de_Bello_Judaico-1.45,0.2258064516,0.1290322581,0.09677419355,0,0.1935483871,0.06451612903,0.09677419355,0.09677419355,0.03225806452,0,0.06451612903,0
63-de_Bello_Judaico-1.46,0.2580645161,0.09677419355,0.06451612903,0.03225806452,0.1935483871,0.1290322581,0.09677419355,0.03225806452,0.03225806452,0,0.06451612903,0
64-de_Bello_Judaico-1.47,0.1964285714,0.1964285714,0.125,0.01785714286,0.125,0.125,0.05357142857,0.05357142857,0.01785714286,0.01785714286,0.07142857143,0
65-de_Bello_Judaico-1.48,0.1290322581,0.1612903226,0.1290322581,0.09677419355,0.1290322581,0.1290322581,0.09677419355,0.03225806452,0.06451612903,0,0.03225806452,0
66-de_Bello_Judaico-1.48,0.125,0,0.125,0.375,0,0.125,0.125,0,0,0.125,0,0
67-de_Bello_Judaico-1.49,0.2222222222,0.1111111111,0.08333333333,0.05555555556,0.08333333333,0.1111111111,0.08333333333,0.05555555556,0.02777777778,0.02777777778,0.1388888889,0
68-de_Bello_Judaico-1.49,0.2222222222,0.2222222222,0.05555555556,0.05555555556,0.05555555556,0.1111111111,0,0.05555555556,0.1111111111,0.05555555556,0.05555555556,0
69-de_Bello_Judaico-1.50,0.1666666667,0.1666666667,0.08333333333,0,0.125,0,0.1666666667,0.125,0.125,0,0.04166666667,0
70-de_Bello_Judaico-1.50,0.1176470588,0.05882352941,0,0.05882352941,0.1176470588,0.2352941176,0.05882352941,0.05882352941,0.05882352941,0.05882352941,0.1764705882,0
71-de_Bello_Judaico-1.51,0.2222222222,0.2222222222,0.2222222222,0,0,0,0,0,0.1111111111,0.2222222222,0,0
72-de_Bello_Judaico-1.51,0.1666666667,0.1111111111,0.05555555556,0.05555555556,0.1111111111,0.1111111111,0.05555555556,0.05555555556,0.05555555556,0.05555555556,0.1666666667,0
73-de_Bello_Judaico-1.52,0.2,0.2,0.1,0,0.2,0,0.3,0,0,0,0,0
74-de_Bello_Judaico-1.52,0.1578947368,0.1578947368,0.1052631579,0.1052631579,0.2105263158,0.1052631579,0.1578947368,0,0,0,0,0
75-de_Bello_Judaico-1.53,0.2222222222,0.1111111111,0.1481481481,0,0.1851851852,0.07407407407,0.03703703704,0.1111111111,0,0.03703703704,0.07407407407,0
76-de_Bello_Judaico-1.54,0.1875,0.15625,0.09375,0.125,0.09375,0.09375,0.0625,0.09375,0,0,0.09375,0
77-de_Bello_Judaico-1.55,0.1538461538,0.2307692308,0.2692307692,0,0.1153846154,0.07692307692,0.07692307692,0.03846153846,0,0,0.03846153846,0
78-de_Bello_Judaico-1.55,0.2105263158,0.1052631579,0.05263157895,0,0.1578947368,0.1052631579,0.1052631579,0.05263157895,0,0.1052631579,0.1052631579,0
79-de_Bello_Judaico-1.56,0.1428571429,0.1428571429,0.07142857143,0.1428571429,0,0.1428571429,0.07142857143,0.07142857143,0.1428571429,0.07142857143,0,0
80-de_Bello_Judaico-1.56,0.2352941176,0.1764705882,0.1176470588,0,0.1764705882,0.05882352941,0.08823529412,0.08823529412,0,0,0.05882352941,0
81-de_Bello_Judaico-1.57,0.2307692308,0.1538461538,0.07692307692,0.03846153846,0.1153846154,0.07692307692,0.07692307692,0.1538461538,0,0.03846153846,0.03846153846,0
82-de_Bello_Judaico-1.58,0.1833333333,0.15,0.1666666667,0.1166666667,0.08333333333,0.1166666667,0.05,0.05,0,0.05,0.03333333333,0
83-de_Bello_Judaico-1.59,0.3103448276,0.1724137931,0.1034482759,0,0.06896551724,0,0.1379310345,0.1379310345,0,0.03448275862,0.03448275862,0
84-de_Bello_Judaico-1.60,0.15,0.15,0.25,0.1,0.1,0.15,0.05,0,0,0,0.05,0
85-de_Bello_Judaico-1.60,0.2,0.2,0.15,0.05,0.05,0.15,0,0.05,0,0,0.15,0
86-de_Bello_Judaico-1.60,0.25,0,0.25,0,0,0,0.25,0,0.25,0,0,0
87-de_Bello_Judaico-1.61,0.2222222222,0.1666666667,0.05555555556,0.05555555556,0,0.1666666667,0.05555555556,0,0.05555555556,0,0.2222222222,0
88-de_Bello_Judaico-1.61,0.1944444444,0.1388888889,0.1666666667,0.02777777778,0.1388888889,0.05555555556,0.1111111111,0.08333333333,0.02777777778,0,0.05555555556,0
89-de_Bello_Judaico-1.62,0.1818181818,0,0.09090909091,0.09090909091,0,0.09090909091,0.1818181818,0,0.09090909091,0.09090909091,0.1818181818,0
90-de_Bello_Judaico-1.62,0.2666666667,0.1333333333,0,0,0.2666666667,0.1333333333,0.06666666667,0,0,0.06666666667,0.06666666667,0
91-de_Bello_Judaico-1.63,0.1071428571,0.1428571429,0.07142857143,0.1071428571,0.03571428571,0.07142857143,0.1071428571,0.07142857143,0.2142857143,0.07142857143,0,0
92-de_Bello_Judaico-1.63,0.07692307692,0.07692307692,0,0,0.1538461538,0,0.1538461538,0.2307692308,0.2307692308,0.07692307692,0,0
93-de_Bello_Judaico-1.64,0.1851851852,0.1111111111,0.1111111111,0.03703703704,0.07407407407,0.07407407407,0.03703703704,0.1111111111,0,0.1111111111,0.1481481481,0
94-de_Bello_Judaico-1.64,0.1764705882,0.1764705882,0.05882352941,0.1176470588,0.1764705882,0.1176470588,0.05882352941,0.1176470588,0,0,0,0
95-de_Bello_Judaico-1.65,0.2857142857,0.1428571429,0,0,0.1428571429,0,0.1428571429,0,0,0,0.2857142857,0
96-de_Bello_Judaico-1.65,0.25,0.125,0,0.125,0.125,0.25,0,0,0,0,0.125,0
97-de_Bello_Judaico-1.65,0.2285714286,0.2285714286,0.08571428571,0.02857142857,0.02857142857,0.1142857143,0.1142857143,0.08571428571,0.02857142857,0.02857142857,0.02857142857,0
98-de_Bello_Judaico-1.66,0.1785714286,0.2142857143,0.1071428571,0.03571428571,0.1071428571,0.03571428571,0.07142857143,0.03571428571,0.07142857143,0.1428571429,0,0
99-de_Bello_Judaico-1.67,0.1724137931,0.1034482759,0.1034482759,0.06896551724,0.1724137931,0.1379310345,0.06896551724,0.1034482759,0,0.03448275862,0.03448275862,0
100-de_Bello_Judaico-1.68,0.1428571429,0.1142857143,0.2,0.05714285714,0.08571428571,0.1714285714,0.02857142857,0.08571428571,0,0.08571428571,0.02857142857,0
101-de_Bello_Judaico-1.68,0.125,0.25,0.25,0,0.125,0,0.125,0.125,0,0,0,0
102-de_Bello_Judaico-1.69,0.2142857143,0.1428571429,0.1428571429,0.1428571429,0.07142857143,0.03571428571,0.1071428571,0.1428571429,0,0,0,0
103-de_Bello_Judaico-1.69,0.1818181818,0.1818181818,0.1818181818,0.09090909091,0.2727272727,0.09090909091,0,0,0,0,0,0
104-de_Bello_Judaico-1.70,0.119047619,0.1666666667,0.2380952381,0.04761904762,0.119047619,0.1666666667,0.07142857143,0.02380952381,0,0,0.04761904762,0
105-de_Bello_Judaico-1.71,0.2777777778,0.1666666667,0.05555555556,0.05555555556,0.1111111111,0.05555555556,0.2222222222,0,0,0,0.05555555556,0
106-de_Bello_Judaico-1.71,0.2222222222,0.1481481481,0.1851851852,0.03703703704,0.07407407407,0.07407407407,0.07407407407,0.1481481481,0,0,0.03703703704,0
107-de_Bello_Judaico-1.72,0.1764705882,0.1764705882,0.1176470588,0.1176470588,0.1176470588,0.05882352941,0.1176470588,0.05882352941,0,0,0.05882352941,0
108-de_Bello_Judaico-1.72,0.1428571429,0.2142857143,0.07142857143,0.1428571429,0.1428571429,0.1428571429,0.07142857143,0.07142857143,0,0,0,0
109-de_Bello_Judaico-1.72,0.2272727273,0.2727272727,0.04545454545,0,0.1363636364,0,0.1363636364,0.09090909091,0,0.04545454545,0.04545454545,0
110-de_Bello_Judaico-1.73,0.16,0.2,0.1,0.06,0.14,0.16,0.06,0.04,0,0.02,0.06,0
111-de_Bello_Judaico-1.74,0.1333333333,0.2,0.2,0.1,0.03333333333,0.1,0.06666666667,0.06666666667,0,0.06666666667,0.03333333333,0
112-de_Bello_Judaico-1.74,0.3636363636,0,0.1818181818,0.09090909091,0.09090909091,0.09090909091,0.09090909091,0,0,0.09090909091,0,0
113-de_Bello_Judaico-1.75,0.2542372881,0.1525423729,0.05084745763,0.05084745763,0.1525423729,0.1016949153,0.1016949153,0.06779661017,0.01694915254,0.01694915254,0.03389830508,0
114-de_Bello_Judaico-1.76,0.1,0.2,0.1,0.1,0.2,0.2,0,0,0,0.1,0,0
115-de_Bello_Judaico-1.76,0.2156862745,0.1568627451,0.09803921569,0.05882352941,0.07843137255,0.09803921569,0.137254902,0.07843137255,0.01960784314,0.03921568627,0.01960784314,0
116-de_Bello_Judaico-1.77,0.2,0.2,0.15,0.1,0.1,0.1,0.05,0.05,0,0,0.05,0
117-de_Bello_Judaico-1.77,0.1714285714,0.1142857143,0.1714285714,0.08571428571,0.2285714286,0.08571428571,0.02857142857,0.05714285714,0,0.02857142857,0.02857142857,0
118-de_Bello_Judaico-1.78,0.2580645161,0.1290322581,0.06451612903,0.1290322581,0.04838709677,0.08064516129,0.04838709677,0.1129032258,0.01612903226,0.06451612903,0.03225806452,0.01612903226
119-de_Bello_Judaico-1.79,0.4285714286,0,0,0.1428571429,0,0,0.1428571429,0,0,0.1428571429,0.1428571429,0
120-de_Bello_Judaico-1.79,0.125,0,0.375,0.125,0,0.125,0.125,0,0,0,0.125,0
121-de_Bello_Judaico-1.79,0.07142857143,0.07142857143,0.2142857143,0.07142857143,0.1428571429,0.07142857143,0.1428571429,0.07142857143,0,0.1428571429,0,0
122-de_Bello_Judaico-1.80,0.1666666667,0.3333333333,0.3333333333,0,0,0,0.1666666667,0,0,0,0,0
123-de_Bello_Judaico-1.80,0.2068965517,0.1034482759,0.1724137931,0.1034482759,0.1034482759,0.1034482759,0.03448275862,0.06896551724,0.03448275862,0,0.06896551724,0
124-de_Bello_Judaico-1.80,0.2,0.2,0.2,0.2,0,0,0.2,0,0,0,0,0
125-de_Bello_Judaico-1.81,0.1818181818,0.1818181818,0.2424242424,0,0.09090909091,0.1212121212,0.06060606061,0.0303030303,0,0.06060606061,0.0303030303,0
126-de_Bello_Judaico-1.82,0.2068965517,0.2068965517,0.2413793103,0.1034482759,0.03448275862,0.1034482759,0,0.03448275862,0,0.03448275862,0.03448275862,0
127-de_Bello_Judaico-1.82,0.2142857143,0.2142857143,0.1428571429,0,0.07142857143,0,0.07142857143,0,0,0.2857142857,0,0
128-de_Bello_Judaico-1.83,0.4117647059,0.1764705882,0.1764705882,0.05882352941,0,0,0.05882352941,0.05882352941,0,0.05882352941,0,0
129-de_Bello_Judaico-1.83,0.4285714286,0,0.1428571429,0,0.1428571429,0,0.1428571429,0.1428571429,0,0,0,0
130-de_Bello_Judaico-1.83,0.3076923077,0.1538461538,0.1538461538,0.07692307692,0.1538461538,0,0.07692307692,0.07692307692,0,0,0,0
131-de_Bello_Judaico-1.84,0.1764705882,0,0.2352941176,0.05882352941,0.1764705882,0.05882352941,0.05882352941,0,0,0.2352941176,0,0
132-de_Bello_Judaico-1.84,0.08333333333,0.1666666667,0.1666666667,0.08333333333,0.3333333333,0.08333333333,0,0.08333333333,0,0,0,0
133-de_Bello_Judaico-1.84,0.1111111111,0.1111111111,0.2222222222,0.1111111111,0.1111111111,0.2222222222,0.1111111111,0,0,0,0,0
134-de_Bello_Judaico-1.84,0.07142857143,0.2142857143,0.2142857143,0.07142857143,0.1428571429,0.07142857143,0,0.07142857143,0.07142857143,0.07142857143,0,0
135-de_Bello_Judaico-1.84,0.375,0,0.125,0.125,0.125,0,0,0,0,0.25,0,0
136-de_Bello_Judaico-1.85,0.2222222222,0.1666666667,0.2222222222,0.05555555556,0.05555555556,0.05555555556,0.05555555556,0.1111111111,0,0,0.05555555556,0
137-de_Bello_Judaico-1.85,0.3181818182,0.2727272727,0.1363636364,0,0.04545454545,0.04545454545,0.1363636364,0,0,0.04545454545,0,0
138-de_Bello_Judaico-1.86,0.2,0.12,0.08,0.04,0.12,0.08,0.12,0.08,0.08,0,0.08,0
139-de_Bello_Judaico-1.86,0.1351351351,0.1351351351,0.1081081081,0.05405405405,0.02702702703,0.1081081081,0.1351351351,0.05405405405,0.08108108108,0.02702702703,0.1351351351,0
140-de_Bello_Judaico-1.87,0.15,0.2,0.1,0.05,0.1,0.05,0.15,0.05,0,0.05,0.1,0
141-de_Bello_Judaico-1.87,0.1538461538,0.1538461538,0.1153846154,0,0.03846153846,0.07692307692,0.07692307692,0.1153846154,0.07692307692,0.07692307692,0.1153846154,0
142-de_Bello_Judaico-1.88,0.25,0.125,0,0.125,0.125,0.125,0.125,0,0.125,0,0,0
143-de_Bello_Judaico-1.88,0.125,0.125,0.125,0.125,0.125,0.125,0.125,0,0,0.125,0,0
144-de_Bello_Judaico-1.88,0.2857142857,0.1428571429,0.07142857143,0.07142857143,0.07142857143,0,0.07142857143,0.2857142857,0,0,0,0
145-de_Bello_Judaico-1.88,0.25,0,0,0,0,0,0,0.25,0,0,0.5,0
146-de_Bello_Judaico-1.88,0.07692307692,0.1538461538,0.07692307692,0.07692307692,0.2307692308,0.1538461538,0.07692307692,0,0,0.07692307692,0.07692307692,0
147-de_Bello_Judaico-1.89,0.2857142857,0.04761904762,0.04761904762,0.09523809524,0.04761904762,0.09523809524,0.09523809524,0.09523809524,0.1428571429,0,0.04761904762,0
148-de_Bello_Judaico-1.89,0.25,0.1666666667,0.1666666667,0.08333333333,0.08333333333,0.08333333333,0.08333333333,0,0,0,0.08333333333,0
149-de_Bello_Judaico-1.90,0.24,0.12,0.24,0.04,0.08,0.08,0,0.04,0.08,0.04,0.04,0
150-de_Bello_Judaico-1.90,0.1875,0.1875,0.125,0.0625,0.125,0.125,0.0625,0,0.0625,0.0625,0,0
151-de_Bello_Judaico-1.91,0.1875,0,0.125,0,0.25,0.0625,0.0625,0.125,0,0.125,0.0625,0
152-de_Bello_Judaico-1.91,0.2,0.2,0.2,0.1,0,0,0.2,0,0,0.1,0,0
153-de_Bello_Judaico-1.91,0.4,0.2,0.2,0,0,0.1,0,0,0,0.1,0,0
154-de_Bello_Judaico-1.92,0.2608695652,0.2173913043,0.08695652174,0.1304347826,0.08695652174,0,0.1304347826,0.04347826087,0,0.04347826087,0,0
155-de_Bello_Judaico-1.92,0.25,0.125,0.125,0,0.125,0,0.25,0,0,0.125,0,0
156-de_Bello_Judaico-1.92,0.25,0.125,0,0,0.125,0,0.125,0.125,0,0.125,0.125,0
157-de_Bello_Judaico-1.92,0.1764705882,0.1176470588,0.1176470588,0,0.1176470588,0.1764705882,0.05882352941,0.05882352941,0.05882352941,0.05882352941,0.05882352941,0
158-de_Bello_Judaico-1.93,0.09090909091,0,0.09090909091,0,0.4545454545,0,0.2727272727,0,0,0,0.09090909091,0
159-de_Bello_Judaico-1.93,0.2222222222,0.1111111111,0,0.1111111111,0.1111111111,0.1111111111,0.1111111111,0.1111111111,0.1111111111,0,0,0
160-de_Bello_Judaico-1.93,0.09090909091,0.09090909091,0.09090909091,0,0.4545454545,0,0.2727272727,0,0,0,0,0
161-de_Bello_Judaico-1.93,0.1923076923,0.1538461538,0.1153846154,0.03846153846,0.03846153846,0.07692307692,0.07692307692,0.03846153846,0,0.07692307692,0.1923076923,0
162-de_Bello_Judaico-1.94,0.2,0.1333333333,0.2,0,0,0,0.06666666667,0.06666666667,0,0.2,0.1333333333,0
163-de_Bello_Judaico-1.95,0.125,0.125,0.25,0,0.125,0,0.125,0.125,0,0,0.125,0
164-de_Bello_Judaico-1.95,0.1111111111,0.2222222222,0.3333333333,0,0.1111111111,0.1111111111,0.1111111111,0,0,0,0,0
165-de_Bello_Judaico-1.95,0.25,0.1,0.1,0.05,0.1,0.1,0.05,0.05,0,0.05,0.15,0
166-de_Bello_Judaico-1.95,0.2173913043,0.08695652174,0.04347826087,0.08695652174,0.1304347826,0.04347826087,0.08695652174,0.04347826087,0,0.1739130435,0.08695652174,0
167-de_Bello_Judaico-1.96,0.1944444444,0.1388888889,0.08333333333,0.05555555556,0.1666666667,0.1111111111,0.08333333333,0.02777777778,0.05555555556,0.05555555556,0.02777777778,0
168-de_Bello_Judaico-1.97,0.09090909091,0.1818181818,0.3636363636,0.09090909091,0,0.1818181818,0.09090909091,0,0,0,0,0
169-de_Bello_Judaico-1.97,0.1764705882,0.1764705882,0.1764705882,0.05882352941,0.1764705882,0.05882352941,0.1176470588,0.05882352941,0,0,0,0
170-de_Bello_Judaico-1.97,0.375,0.125,0,0.125,0.125,0,0,0.25,0,0,0,0
171-de_Bello_Judaico-1.98,0.1538461538,0.1923076923,0.1538461538,0.03846153846,0.2307692308,0.03846153846,0.03846153846,0.03846153846,0,0.03846153846,0.07692307692,0
172-de_Bello_Judaico-1.98,0.1666666667,0.1666666667,0.3333333333,0,0.08333333333,0,0,0.08333333333,0,0.1666666667,0,0
173-de_Bello_Judaico-1.99,0.1578947368,0.1052631579,0.1052631579,0,0.1052631579,0.05263157895,0.1578947368,0.05263157895,0,0.05263157895,0.2105263158,0
174-de_Bello_Judaico-1.99,0.1891891892,0.1621621622,0.1891891892,0.02702702703,0.08108108108,0.08108108108,0.08108108108,0.05405405405,0.08108108108,0.05405405405,0,0
175-de_Bello_Judaico-1.100,0.2857142857,0.1428571429,0,0,0,0,0.2857142857,0,0,0.1428571429,0.1428571429,0
176-de_Bello_Judaico-1.100,0.25,0.25,0.1666666667,0,0.08333333333,0.08333333333,0.08333333333,0.08333333333,0,0,0,0
177-de_Bello_Judaico-1.100,0.2857142857,0.2142857143,0,0,0.07142857143,0.2142857143,0.07142857143,0,0.07142857143,0.07142857143,0,0
178-de_Bello_Judaico-1.101,0.1379310345,0.3103448276,0.1379310345,0,0.1379310345,0.1034482759,0.06896551724,0,0,0.06896551724,0.03448275862,0
179-de_Bello_Judaico-1.101,0.2222222222,0.1111111111,0.05555555556,0.05555555556,0.1111111111,0.05555555556,0.1666666667,0.05555555556,0,0.05555555556,0.1111111111,0
180-de_Bello_Judaico-1.102,0.2307692308,0.1538461538,0.07692307692,0.02564102564,0.1794871795,0.1025641026,0.1282051282,0.05128205128,0.02564102564,0.02564102564,0,0
181-de_Bello_Judaico-1.103,0.1176470588,0.1176470588,0.1176470588,0.05882352941,0.05882352941,0.1764705882,0,0.05882352941,0.1176470588,0,0.1764705882,0
182-de_Bello_Judaico-1.103,0.2307692308,0.07692307692,0.1538461538,0.07692307692,0,0.1538461538,0.07692307692,0.07692307692,0,0,0.1538461538,0
183-de_Bello_Judaico-1.104,0.2608695652,0.1304347826,0.2173913043,0,0.04347826087,0.08695652174,0.04347826087,0.04347826087,0,0.04347826087,0.1304347826,0
184-de_Bello_Judaico-1.105,0.1764705882,0.08823529412,0.1764705882,0.05882352941,0.08823529412,0.1176470588,0.02941176471,0.08823529412,0.05882352941,0,0.1176470588,0
185-de_Bello_Judaico-1.105,0.1764705882,0.2352941176,0.2352941176,0,0.1176470588,0.1176470588,0.05882352941,0.05882352941,0,0,0,0
186-de_Bello_Judaico-1.106,0.3333333333,0.08333333333,0.3333333333,0,0.08333333333,0,0.08333333333,0,0,0.08333333333,0,0
187-de_Bello_Judaico-1.106,0.1875,0.125,0.0625,0.0625,0.25,0.125,0.0625,0.125,0,0,0,0
188-de_Bello_Judaico-1.106,0.3076923077,0.1538461538,0.2307692308,0,0.07692307692,0.1538461538,0.07692307692,0,0,0,0,0
189-de_Bello_Judaico-1.107,0.2068965517,0.2068965517,0.2068965517,0.06896551724,0,0.03448275862,0.06896551724,0.06896551724,0,0.06896551724,0.06896551724,0
190-de_Bello_Judaico-1.108,0.2,0.2,0.2,0,0,0,0,0.2,0,0.2,0,0
191-de_Bello_Judaico-1.108,0.1111111111,0.2222222222,0.4444444444,0,0,0.1111111111,0.1111111111,0,0,0,0,0
192-de_Bello_Judaico-1.108,0.1666666667,0.2222222222,0.1666666667,0,0.1111111111,0.1111111111,0.1111111111,0.05555555556,0,0.05555555556,0,0
193-de_Bello_Judaico-1.109,0.1428571429,0.1142857143,0.1142857143,0.02857142857,0.1714285714,0.1142857143,0.1142857143,0.08571428571,0,0.02857142857,0.08571428571,0
194-de_Bello_Judaico-1.110,0.2,0.15,0.15,0.1,0.15,0.05,0.05,0.05,0,0,0.1,0
195-de_Bello_Judaico-1.111,0.1818181818,0.1818181818,0,0.1818181818,0.1818181818,0.09090909091,0.09090909091,0,0,0,0.09090909091,0
196-de_Bello_Judaico-1.111,0.28,0.16,0.12,0.04,0.08,0.04,0.12,0.12,0,0.04,0,0
197-de_Bello_Judaico-1.111,0.05882352941,0.2941176471,0.1764705882,0.05882352941,0.05882352941,0,0.1764705882,0.05882352941,0,0.05882352941,0.05882352941,0
198-de_Bello_Judaico-1.112,0.2258064516,0.09677419355,0.03225806452,0,0.2580645161,0,0.09677419355,0.1290322581,0,0.1612903226,0,0
199-de_Bello_Judaico-1.112,0.1111111111,0.1111111111,0,0.2222222222,0.1111111111,0,0.3333333333,0,0,0,0.1111111111,0
200-de_Bello_Judaico-1.113,0.25,0.15,0.15,0.1,0.1,0.1,0.05,0,0,0,0.1,0
201-de_Bello_Judaico-1.113,0.1875,0.3125,0,0.0625,0.0625,0.125,0.0625,0.0625,0,0,0.125,0
202-de_Bello_Judaico-1.113,0.375,0,0.125,0.25,0,0.125,0.125,0,0,0,0,0
203-de_Bello_Judaico-1.114,0.275862069,0.1724137931,0.1034482759,0.1034482759,0.06896551724,0.06896551724,0.1034482759,0.06896551724,0,0,0.03448275862,0
204-de_Bello_Judaico-1.114,0.2222222222,0.2222222222,0.2222222222,0,0,0.1111111111,0.2222222222,0,0,0,0,0
205-de_Bello_Judaico-1.115,0.25,0.05,0.1,0.1,0.15,0.05,0.15,0,0,0.05,0.1,0
206-de_Bello_Judaico-1.116,0.2142857143,0.07142857143,0.2142857143,0,0,0,0.07142857143,0.1428571429,0,0,0.2857142857,0
207-de_Bello_Judaico-1.116,0.2307692308,0.1538461538,0.07692307692,0.07692307692,0,0.1538461538,0.07692307692,0,0.07692307692,0.07692307692,0.07692307692,0
208-de_Bello_Judaico-1.117,0.1538461538,0.1794871795,0.1282051282,0.07692307692,0.2051282051,0.1025641026,0.07692307692,0.02564102564,0,0,0.05128205128,0
209-de_Bello_Judaico-1.118,0.1578947368,0.2631578947,0.1052631579,0.05263157895,0.05263157895,0.1052631579,0.05263157895,0.05263157895,0.05263157895,0,0.1052631579,0
210-de_Bello_Judaico-1.118,0.2,0.1142857143,0.1142857143,0.02857142857,0.1428571429,0.02857142857,0.1142857143,0.08571428571,0.02857142857,0.08571428571,0.05714285714,0
211-de_Bello_Judaico-1.119,0.2666666667,0.2,0.2,0,0.06666666667,0,0.06666666667,0,0,0.06666666667,0.1333333333,0
212-de_Bello_Judaico-1.120,0.2,0.15,0.15,0.05,0.1,0,0.1,0.15,0,0,0.1,0
213-de_Bello_Judaico-1.120,0.1666666667,0.2222222222,0.05555555556,0.05555555556,0.1111111111,0.1666666667,0.05555555556,0,0.05555555556,0,0.1111111111,0
214-de_Bello_Judaico-1.121,0.25,0.25,0.125,0,0,0.1875,0.0625,0.0625,0.0625,0,0,0
215-de_Bello_Judaico-1.121,0.1111111111,0.2222222222,0.2222222222,0.1111111111,0,0.1111111111,0.1111111111,0,0,0,0.1111111111,0
216-de_Bello_Judaico-1.121,0.2105263158,0.05263157895,0.1052631579,0,0.2105263158,0,0.1052631579,0.05263157895,0,0.1578947368,0.1052631579,0
217-de_Bello_Judaico-1.122,0.25,0.1875,0.1875,0.125,0.0625,0.125,0,0.0625,0,0,0,0
218-de_Bello_Judaico-1.122,0.07692307692,0.1538461538,0.1538461538,0,0,0.1538461538,0.2307692308,0,0,0,0.2307692308,0
219-de_Bello_Judaico-1.123,0.1764705882,0.1176470588,0.1176470588,0,0.1176470588,0.05882352941,0.1176470588,0.05882352941,0,0.1176470588,0.1176470588,0
220-de_Bello_Judaico-1.123,0.125,0.125,0.1875,0,0.1875,0.0625,0.125,0.125,0.0625,0,0,0
221-de_Bello_Judaico-1.124,0.2363636364,0.2181818182,0.09090909091,0.01818181818,0.09090909091,0.03636363636,0.05454545455,0.09090909091,0,0.03636363636,0.1272727273,0
222-de_Bello_Judaico-1.124,0.25,0.25,0.1666666667,0.08333333333,0,0.08333333333,0.08333333333,0,0,0,0.08333333333,0
223-de_Bello_Judaico-1.125,0.3,0.15,0.05,0,0.15,0.1,0.05,0.05,0,0.05,0.1,0
224-de_Bello_Judaico-1.125,0.2,0.2,0,0.2,0.2,0,0,0,0,0,0.2,0
225-de_Bello_Judaico-1.126,0.2857142857,0.1428571429,0.04761904762,0.09523809524,0.1428571429,0,0.09523809524,0.04761904762,0,0.04761904762,0.09523809524,0
226-de_Bello_Judaico-1.126,0.1739130435,0.04347826087,0.1304347826,0.08695652174,0.08695652174,0.1304347826,0.08695652174,0.04347826087,0.04347826087,0.1304347826,0.04347826087,0
227-de_Bello_Judaico-1.127,0.2222222222,0.1666666667,0.2777777778,0.05555555556,0,0.05555555556,0,0.1666666667,0.05555555556,0,0,0
228-de_Bello_Judaico-1.127,0.1944444444,0.05555555556,0.02777777778,0.05555555556,0.05555555556,0.2222222222,0.05555555556,0.08333333333,0.02777777778,0.02777777778,0.1944444444,0
229-de_Bello_Judaico-1.128,0.2666666667,0.1333333333,0.2,0.06666666667,0.06666666667,0.1333333333,0.06666666667,0,0,0.06666666667,0,0
230-de_Bello_Judaico-1.128,0.1,0.2,0.1,0,0.2,0.1,0.1,0,0,0.1,0.1,0
231-de_Bello_Judaico-1.128,0.15,0.1,0.15,0,0.05,0.05,0.1,0.2,0.1,0,0.1,0
232-de_Bello_Judaico-1.129,0.1428571429,0.07142857143,0.07142857143,0,0.07142857143,0.2142857143,0.07142857143,0.07142857143,0.07142857143,0.07142857143,0.1428571429,0
233-de_Bello_Judaico-1.130,0.2121212121,0.1818181818,0.0303030303,0.06060606061,0.1515151515,0.09090909091,0.06060606061,0.09090909091,0.0303030303,0.0303030303,0.06060606061,0
234-de_Bello_Judaico-1.131,0.1886792453,0.1509433962,0.1132075472,0.03773584906,0.05660377358,0.1132075472,0.05660377358,0.1320754717,0,0.01886792453,0.1320754717,0
235-de_Bello_Judaico-1.132,0.2105263158,0.05263157895,0.1052631579,0.1052631579,0.1052631579,0,0.2105263158,0.1052631579,0,0.05263157895,0.05263157895,0
236-de_Bello_Judaico-1.132,0.2105263158,0.1578947368,0.2105263158,0,0.1052631579,0.1052631579,0.05263157895,0.1052631579,0.05263157895,0,0,0
237-de_Bello_Judaico-1.133,0.1666666667,0.125,0,0.04166666667,0.1666666667,0.1666666667,0.04166666667,0.08333333333,0.04166666667,0,0.1666666667,0
238-de_Bello_Judaico-1.134,0.2222222222,0,0,0,0,0.1111111111,0.1111111111,0.2222222222,0.2222222222,0,0.1111111111,0
239-de_Bello_Judaico-1.134,0.3225806452,0.1290322581,0.06451612903,0.06451612903,0.1290322581,0.09677419355,0.03225806452,0,0.03225806452,0.06451612903,0.06451612903,0
240-de_Bello_Judaico-1.135,0.3461538462,0.1538461538,0.1153846154,0,0.1153846154,0,0.1153846154,0.07692307692,0.03846153846,0.03846153846,0,0
241-de_Bello_Judaico-1.135,0.3125,0.125,0.0625,0.0625,0.125,0.1875,0,0.0625,0,0,0.0625,0
242-de_Bello_Judaico-1.136,0.3333333333,0.1333333333,0,0,0.1333333333,0.06666666667,0.06666666667,0.1333333333,0,0.06666666667,0.06666666667,0
243-de_Bello_Judaico-1.136,0.2692307692,0.03846153846,0.07692307692,0.07692307692,0.1153846154,0.03846153846,0.1153846154,0.1923076923,0,0.03846153846,0.03846153846,0
244-de_Bello_Judaico-1.137,0.3421052632,0.07894736842,0.1052631579,0.07894736842,0.07894736842,0.05263157895,0.1052631579,0.07894736842,0.02631578947,0,0.05263157895,0
245-de_Bello_Judaico-1.138,0.15625,0.1875,0.15625,0.03125,0.09375,0.03125,0.09375,0.0625,0.03125,0.09375,0.0625,0
246-de_Bello_Judaico-1.138,0.2727272727,0.1818181818,0.1818181818,0.09090909091,0.1818181818,0.09090909091,0,0,0,0,0,0
247-de_Bello_Judaico-1.139,0.1666666667,0.1666666667,0.1666666667,0,0.08333333333,0.1666666667,0,0.08333333333,0.08333333333,0.08333333333,0,0
248-de_Bello_Judaico-1.139,0.2272727273,0.1818181818,0.1363636364,0.04545454545,0.09090909091,0.04545454545,0.09090909091,0.09090909091,0,0,0.09090909091,0
249-de_Bello_Judaico-1.140,0.3333333333,0.1666666667,0,0.1666666667,0,0,0.1666666667,0,0,0.1666666667,0,0
250-de_Bello_Judaico-1.140,0.1764705882,0.2941176471,0.05882352941,0.05882352941,0.1176470588,0.05882352941,0.1176470588,0,0.05882352941,0,0.05882352941,0
251-de_Bello_Judaico-1.141,0.2127659574,0.170212766,0.1489361702,0.06382978723,0.1276595745,0.06382978723,0.08510638298,0.06382978723,0,0.02127659574,0.04255319149,0
252-de_Bello_Judaico-1.142,0.2592592593,0.2222222222,0.07407407407,0,0.1111111111,0.03703703704,0.1111111111,0.03703703704,0,0.03703703704,0.1111111111,0
253-de_Bello_Judaico-1.142,0.1666666667,0.25,0.1666666667,0.08333333333,0.08333333333,0.08333333333,0.08333333333,0,0.08333333333,0,0,0
254-de_Bello_Judaico-1.143,0.3181818182,0.1818181818,0.09090909091,0.04545454545,0.09090909091,0.1363636364,0.04545454545,0.04545454545,0,0,0.04545454545,0
255-de_Bello_Judaico-1.143,0.125,0.1666666667,0.125,0.08333333333,0.125,0.125,0.08333333333,0.04166666667,0.04166666667,0,0.08333333333,0
256-de_Bello_Judaico-1.144,0.1818181818,0.2424242424,0.1818181818,0.06060606061,0.06060606061,0.1515151515,0.0303030303,0.06060606061,0,0,0.0303030303,0
257-de_Bello_Judaico-1.145,0.1111111111,0.2222222222,0.2222222222,0.05555555556,0.1666666667,0.05555555556,0.1111111111,0.05555555556,0,0,0,0
258-de_Bello_Judaico-1.145,0.1632653061,0.2040816327,0.1836734694,0.02040816327,0.1428571429,0.08163265306,0.02040816327,0.08163265306,0.02040816327,0.02040816327,0.0612244898,0
259-de_Bello_Judaico-1.146,0.125,0.25,0,0,0.25,0.125,0.125,0,0.125,0,0,0
260-de_Bello_Judaico-1.147,0.25,0.2,0.25,0,0.05,0.05,0.05,0.05,0,0.05,0.05,0
261-de_Bello_Judaico-1.147,0.2857142857,0.2857142857,0,0,0.1428571429,0,0.1428571429,0,0,0.1428571429,0,0
262-de_Bello_Judaico-1.147,0.1333333333,0.1333333333,0.2,0.06666666667,0.1333333333,0.1333333333,0.1333333333,0.06666666667,0,0,0,0
263-de_Bello_Judaico-1.148,0.1428571429,0.2380952381,0.04761904762,0.09523809524,0.09523809524,0,0.09523809524,0.04761904762,0.04761904762,0.09523809524,0.09523809524,0
264-de_Bello_Judaico-1.148,0.1428571429,0.2857142857,0.2857142857,0,0.1428571429,0.1428571429,0,0,0,0,0,0
265-de_Bello_Judaico-1.148,0.09756097561,0.1707317073,0.2195121951,0.0487804878,0.1463414634,0.1463414634,0.07317073171,0.07317073171,0,0.0243902439,0,0
266-de_Bello_Judaico-1.149,0.1428571429,0.2142857143,0.2142857143,0,0.2142857143,0.07142857143,0.07142857143,0,0,0.07142857143,0,0
267-de_Bello_Judaico-1.149,0.2,0.1,0.1,0.05,0.15,0.05,0.05,0.1,0.05,0,0.15,0
268-de_Bello_Judaico-1.149,0.2272727273,0.1363636364,0.1363636364,0.09090909091,0.1363636364,0.04545454545,0.1363636364,0.04545454545,0,0.04545454545,0,0
269-de_Bello_Judaico-1.150,0.2333333333,0.2,0.1333333333,0,0.2,0.1,0.03333333333,0.06666666667,0,0.03333333333,0,0
270-de_Bello_Judaico-1.150,0.1428571429,0.1428571429,0.1428571429,0.07142857143,0.2142857143,0.1428571429,0.07142857143,0.07142857143,0,0,0,0
271-de_Bello_Judaico-1.150,0.2142857143,0.2142857143,0.1428571429,0,0.07142857143,0.1428571429,0.07142857143,0.1428571429,0,0,0,0
272-de_Bello_Judaico-1.151,0.1176470588,0,0.1176470588,0,0.2352941176,0,0.2941176471,0.05882352941,0.05882352941,0.05882352941,0.05882352941,0
273-de_Bello_Judaico-1.152,0.1052631579,0.2105263158,0.05263157895,0.05263157895,0.2105263158,0.1052631579,0.05263157895,0.05263157895,0,0.1578947368,0,0
274-de_Bello_Judaico-1.152,0.1136363636,0.1363636364,0.2272727273,0.02272727273,0.1363636364,0.09090909091,0.06818181818,0.1136363636,0,0.06818181818,0.02272727273,0
275-de_Bello_Judaico-1.153,0.1034482759,0.1724137931,0.275862069,0.06896551724,0.06896551724,0.06896551724,0.03448275862,0.06896551724,0.03448275862,0.1034482759,0,0
276-de_Bello_Judaico-1.153,0.2051282051,0.1025641026,0.1794871795,0.07692307692,0.1538461538,0.07692307692,0.05128205128,0.07692307692,0,0.02564102564,0.05128205128,0
277-de_Bello_Judaico-1.154,0.125,0.1875,0.125,0.125,0.0625,0.0625,0.125,0.125,0,0,0.0625,0
278-de_Bello_Judaico-1.154,0.1481481481,0.1851851852,0.1481481481,0.03703703704,0.1481481481,0.03703703704,0.1111111111,0.1111111111,0.07407407407,0,0,0
279-de_Bello_Judaico-1.155,0.1923076923,0.1538461538,0.03846153846,0.1153846154,0.2307692308,0.07692307692,0.03846153846,0.07692307692,0.03846153846,0,0.03846153846,0
280-de_Bello_Judaico-1.155,0.2142857143,0.07142857143,0.07142857143,0.07142857143,0.07142857143,0.07142857143,0.07142857143,0.07142857143,0.1428571429,0,0.1428571429,0
281-de_Bello_Judaico-1.156,0.1071428571,0.07142857143,0.08928571429,0.01785714286,0.125,0.05357142857,0.125,0.1785714286,0.08928571429,0.01785714286,0.125,0
282-de_Bello_Judaico-1.157,0.1818181818,0.1818181818,0.1818181818,0.09090909091,0.2727272727,0.09090909091,0,0,0,0,0,0
283-de_Bello_Judaico-1.157,0.125,0.15625,0.09375,0.0625,0.0625,0.125,0.0625,0.125,0.03125,0,0.15625,0
284-de_Bello_Judaico-1.158,0.1111111111,0.1481481481,0.07407407407,0.07407407407,0.2222222222,0.1111111111,0.1111111111,0.03703703704,0.03703703704,0,0.07407407407,0
285-de_Bello_Judaico-1.159,0.1904761905,0.1904761905,0.09523809524,0.09523809524,0.04761904762,0.1904761905,0.09523809524,0,0,0,0.09523809524,0
286-de_Bello_Judaico-1.159,0.25,0.25,0.25,0,0,0,0.25,0,0,0,0,0
287-de_Bello_Judaico-1.159,0.2,0.1,0,0.1,0.1,0.2,0,0.1,0.1,0,0.1,0
288-de_Bello_Judaico-1.159,0.2142857143,0.07142857143,0.1428571429,0.07142857143,0.07142857143,0.1428571429,0,0.1428571429,0,0.07142857143,0.07142857143,0
289-de_Bello_Judaico-1.159,0.2,0.2,0.1333333333,0.06666666667,0.1333333333,0.06666666667,0.06666666667,0,0.06666666667,0,0.06666666667,0
290-de_Bello_Judaico-1.160,0.2203389831,0.06779661017,0.06779661017,0.06779661017,0.1186440678,0.08474576271,0.08474576271,0.08474576271,0.03389830508,0.03389830508,0.1355932203,0
291-de_Bello_Judaico-1.161,0.1111111111,0.1388888889,0.1111111111,0,0.1944444444,0.05555555556,0.1388888889,0.1388888889,0.08333333333,0,0.02777777778,0
292-de_Bello_Judaico-1.162,0.2,0.1333333333,0.1333333333,0.06666666667,0.1333333333,0.06666666667,0.06666666667,0,0.1333333333,0,0.06666666667,0
293-de_Bello_Judaico-1.162,0.12,0.2,0.08,0.04,0.08,0.08,0.04,0.08,0.12,0,0.16,0
294-de_Bello_Judaico-1.162,0.1111111111,0.1111111111,0.1111111111,0,0.1111111111,0.1111111111,0,0.1111111111,0.1111111111,0.2222222222,0,0
295-de_Bello_Judaico-1.163,0.3055555556,0.1111111111,0.02777777778,0.02777777778,0.1666666667,0.08333333333,0.08333333333,0.05555555556,0.05555555556,0.05555555556,0.02777777778,0
296-de_Bello_Judaico-1.164,0.3,0.1,0.1,0.05,0.1,0.15,0.05,0.05,0.1,0,0,0
297-de_Bello_Judaico-1.164,0.25,0.1666666667,0.08333333333,0.08333333333,0.25,0.08333333333,0.08333333333,0,0,0,0,0
298-de_Bello_Judaico-1.165,0.1176470588,0.1176470588,0.1176470588,0.05882352941,0.05882352941,0.05882352941,0.1176470588,0,0.05882352941,0.2352941176,0.05882352941,0
299-de_Bello_Judaico-1.165,0.3333333333,0.2222222222,0.05555555556,0.05555555556,0.1111111111,0,0.1666666667,0,0.05555555556,0,0,0
300-de_Bello_Judaico-1.166,0.09090909091,0.0303030303,0.0303030303,0.0303030303,0.1212121212,0.0303030303,0.09090909091,0.2727272727,0.1818181818,0,0.1212121212,0
301-de_Bello_Judaico-1.167,0.2647058824,0.1764705882,0.08823529412,0.05882352941,0.02941176471,0.1176470588,0.05882352941,0.08823529412,0.08823529412,0,0.02941176471,0
302-de_Bello_Judaico-1.167,0.1666666667,0.1666666667,0,0,0,0,0.1666666667,0.1666666667,0.1666666667,0.1666666667,0,0
303-de_Bello_Judaico-1.168,0.2,0.06666666667,0.2,0.06666666667,0.1333333333,0,0,0.1333333333,0.06666666667,0.06666666667,0.06666666667,0
304-de_Bello_Judaico-1.168,0.1052631579,0.2631578947,0.1578947368,0,0.1052631579,0.1052631579,0.1052631579,0.05263157895,0.1052631579,0,0,0
305-de_Bello_Judaico-1.169,0.1304347826,0.1739130435,0.1739130435,0.08695652174,0.08695652174,0.1304347826,0.04347826087,0.04347826087,0.08695652174,0,0.04347826087,0
306-de_Bello_Judaico-1.170,0.1428571429,0.2,0.02857142857,0,0.1428571429,0.08571428571,0.1428571429,0.05714285714,0.1714285714,0.02857142857,0,0
307-de_Bello_Judaico-1.170,0.1818181818,0.1818181818,0.1818181818,0,0.2727272727,0.09090909091,0.09090909091,0,0,0,0,0
308-de_Bello_Judaico-1.171,0.1851851852,0.07407407407,0.1111111111,0.1111111111,0.07407407407,0.07407407407,0.1481481481,0,0.03703703704,0.1111111111,0.07407407407,0
309-de_Bello_Judaico-1.171,0.3333333333,0.2222222222,0,0,0.1111111111,0,0.1111111111,0.1111111111,0.1111111111,0,0,0
310-de_Bello_Judaico-1.171,0.07692307692,0,0.07692307692,0.07692307692,0,0.1538461538,0.07692307692,0.2307692308,0.2307692308,0,0.07692307692,0
311-de_Bello_Judaico-1.171,0.5,0,0,0,0,0.25,0,0,0.25,0,0,0
312-de_Bello_Judaico-1.172,0.2307692308,0.1153846154,0.07692307692,0.03846153846,0.1538461538,0.1538461538,0.07692307692,0.07692307692,0.07692307692,0,0,0
313-de_Bello_Judaico-1.172,0.1956521739,0.1304347826,0.08695652174,0.02173913043,0.1304347826,0.152173913,0.1304347826,0.02173913043,0.08695652174,0,0.04347826087,0
314-de_Bello_Judaico-1.173,0.1923076923,0.1923076923,0.2692307692,0,0.1538461538,0.03846153846,0.07692307692,0.03846153846,0,0.03846153846,0,0
315-de_Bello_Judaico-1.173,0.1666666667,0.03333333333,0.06666666667,0.06666666667,0.1,0.2333333333,0.03333333333,0.06666666667,0.1666666667,0.03333333333,0.03333333333,0
316-de_Bello_Judaico-1.174,0.1481481481,0.1481481481,0.1851851852,0.1481481481,0.03703703704,0.1111111111,0.1111111111,0,0.03703703704,0,0.07407407407,0
317-de_Bello_Judaico-1.175,0.3333333333,0,0,0,0.1111111111,0.1111111111,0.1111111111,0,0.1111111111,0,0.2222222222,0
318-de_Bello_Judaico-1.175,0.1764705882,0.05882352941,0,0.05882352941,0.1764705882,0.2352941176,0,0.05882352941,0,0,0.2352941176,0
319-de_Bello_Judaico-1.175,0.1666666667,0.125,0.1666666667,0,0.04166666667,0.04166666667,0.04166666667,0.2083333333,0.04166666667,0.04166666667,0.125,0
320-de_Bello_Judaico-1.176,0.1785714286,0.1785714286,0.07142857143,0,0.1071428571,0.07142857143,0.07142857143,0.03571428571,0.07142857143,0.07142857143,0.1428571429,0
321-de_Bello_Judaico-1.177,0.3448275862,0.06896551724,0.06896551724,0.1379310345,0,0.1034482759,0.1034482759,0,0.03448275862,0.03448275862,0.1034482759,0
322-de_Bello_Judaico-1.177,0.25,0,0.25,0,0,0.25,0,0,0,0.25,0,0
323-de_Bello_Judaico-1.177,0.2105263158,0.1578947368,0.1052631579,0,0.1578947368,0.05263157895,0.1578947368,0.05263157895,0.05263157895,0,0.05263157895,0
324-de_Bello_Judaico-1.178,0.1666666667,0.1666666667,0.1666666667,0,0,0.1666666667,0,0.08333333333,0.1666666667,0,0.08333333333,0
325-de_Bello_Judaico-1.178,0.2727272727,0.04545454545,0.04545454545,0,0.04545454545,0.09090909091,0.1363636364,0.09090909091,0.09090909091,0.09090909091,0.09090909091,0
326-de_Bello_Judaico-1.179,0.25,0,0,0.25,0.125,0.125,0,0,0,0,0.25,0
327-de_Bello_Judaico-1.179,0.125,0.1666666667,0.125,0.08333333333,0.1666666667,0.125,0.04166666667,0.04166666667,0.04166666667,0,0.08333333333,0
328-de_Bello_Judaico-1.179,0.1764705882,0.1176470588,0.1176470588,0.1764705882,0,0.05882352941,0.1176470588,0.05882352941,0,0.1176470588,0.05882352941,0
329-de_Bello_Judaico-1.180,0.2666666667,0.1333333333,0.06666666667,0,0,0.2,0.06666666667,0,0,0,0.2666666667,0
330-de_Bello_Judaico-1.180,0.3043478261,0.04347826087,0.08695652174,0.04347826087,0,0.08695652174,0.1304347826,0.08695652174,0.08695652174,0,0.1304347826,0
331-de_Bello_Judaico-1.180,0.1666666667,0.1666666667,0.3333333333,0,0,0,0.1666666667,0,0,0,0.1666666667,0
332-de_Bello_Judaico-1.181,0.07407407407,0.07407407407,0.1851851852,0.07407407407,0.07407407407,0.07407407407,0.03703703704,0.1111111111,0.07407407407,0.03703703704,0.1851851852,0
333-de_Bello_Judaico-1.181,0.1379310345,0.2068965517,0.2068965517,0.03448275862,0.03448275862,0.06896551724,0.06896551724,0.06896551724,0.03448275862,0.06896551724,0.06896551724,0
334-de_Bello_Judaico-1.182,0.3157894737,0.05263157895,0.05263157895,0.05263157895,0.05263157895,0.2105263158,0.05263157895,0,0,0,0.2105263158,0
335-de_Bello_Judaico-1.183,0.1627906977,0.1627906977,0.04651162791,0.06976744186,0.1162790698,0.1162790698,0.09302325581,0.06976744186,0.02325581395,0,0.1395348837,0
336-de_Bello_Judaico-1.184,0.08333333333,0.25,0.25,0,0,0,0.08333333333,0.1666666667,0,0,0.1666666667,0
337-de_Bello_Judaico-1.184,0.2058823529,0.1470588235,0.1764705882,0.02941176471,0.08823529412,0.1176470588,0.1176470588,0.02941176471,0,0,0.08823529412,0
338-de_Bello_Judaico-1.185,0.1666666667,0.08333333333,0.125,0.125,0.04166666667,0.125,0.04166666667,0.08333333333,0.08333333333,0,0.125,0
339-de_Bello_Judaico-1.185,0.1304347826,0.2173913043,0.04347826087,0.1304347826,0.08695652174,0.1304347826,0.04347826087,0,0.08695652174,0,0.1304347826,0
340-de_Bello_Judaico-1.186,0.1428571429,0.2142857143,0.2142857143,0.1428571429,0,0.07142857143,0,0.07142857143,0,0,0.1428571429,0
341-de_Bello_Judaico-1.186,0.2,0.1333333333,0.1333333333,0.1333333333,0.06666666667,0.2,0.06666666667,0.06666666667,0,0,0,0
342-de_Bello_Judaico-1.186,0.1666666667,0.2222222222,0.05555555556,0.05555555556,0.1666666667,0.1111111111,0.05555555556,0.05555555556,0,0,0.1111111111,0
343-de_Bello_Judaico-1.187,0.2325581395,0.1162790698,0.09302325581,0.04651162791,0.04651162791,0.1395348837,0.04651162791,0.04651162791,0.02325581395,0,0.2093023256,0
344-de_Bello_Judaico-1.188,0.07407407407,0.2222222222,0.1111111111,0.07407407407,0.1481481481,0.1111111111,0.07407407407,0.07407407407,0,0,0.1111111111,0
345-de_Bello_Judaico-1.189,0.3157894737,0.1578947368,0.05263157895,0,0.05263157895,0.1052631579,0.05263157895,0.05263157895,0,0.05263157895,0.1578947368,0
346-de_Bello_Judaico-1.189,0.1428571429,0.1428571429,0.1428571429,0,0.1428571429,0.1428571429,0.1428571429,0,0,0,0.1428571429,0
347-de_Bello_Judaico-1.189,0.1176470588,0.2352941176,0.1176470588,0.1176470588,0.1176470588,0.2352941176,0.05882352941,0,0,0,0,0
348-de_Bello_Judaico-1.190,0.2941176471,0.1176470588,0.1176470588,0.1176470588,0,0,0.1176470588,0.05882352941,0,0.1176470588,0.05882352941,0
349-de_Bello_Judaico-1.190,0.25,0,0,0,0,0,0.25,0,0,0,0.5,0
350-de_Bello_Judaico-1.190,0.2142857143,0.1428571429,0,0.07142857143,0.2142857143,0,0,0.1428571429,0,0.1428571429,0.07142857143,0
351-de_Bello_Judaico-1.190,0.1538461538,0.07692307692,0.07692307692,0,0.07692307692,0.1538461538,0.1538461538,0,0,0.1538461538,0.1538461538,0
352-de_Bello_Judaico-1.191,0.1764705882,0.1176470588,0.1764705882,0.1176470588,0.05882352941,0.1176470588,0,0,0,0.05882352941,0.1764705882,0
353-de_Bello_Judaico-1.191,0.1578947368,0.2105263158,0.2105263158,0.05263157895,0.1052631579,0.1578947368,0.05263157895,0,0,0,0.05263157895,0
354-de_Bello_Judaico-1.192,0.2222222222,0.2222222222,0.2222222222,0.1111111111,0,0.1111111111,0.1111111111,0,0,0,0,0
355-de_Bello_Judaico-1.192,0.3157894737,0.1578947368,0.05263157895,0.05263157895,0.1052631579,0.05263157895,0,0.1578947368,0,0.05263157895,0.05263157895,0
356-de_Bello_Judaico-1.192,0.07692307692,0.1538461538,0.1538461538,0,0.2307692308,0.1538461538,0.07692307692,0.07692307692,0,0,0.07692307692,0
357-de_Bello_Judaico-1.192,0.1538461538,0.07692307692,0.2307692308,0.07692307692,0.07692307692,0.1538461538,0.07692307692,0,0,0,0.1538461538,0
358-de_Bello_Judaico-1.193,0.1111111111,0.2222222222,0.1944444444,0.05555555556,0.1388888889,0.1111111111,0.05555555556,0.05555555556,0,0.05555555556,0,0
359-de_Bello_Judaico-1.194,0.1388888889,0.1388888889,0.1388888889,0.05555555556,0.05555555556,0.1111111111,0.1111111111,0.1111111111,0.02777777778,0.02777777778,0.08333333333,0
360-de_Bello_Judaico-1.195,0.1176470588,0.1176470588,0.05882352941,0.05882352941,0.1176470588,0.1176470588,0.05882352941,0.05882352941,0,0.05882352941,0.2352941176,0
361-de_Bello_Judaico-1.195,0.1463414634,0.1463414634,0.1463414634,0.07317073171,0.09756097561,0.1585365854,0.0487804878,0.07317073171,0.01219512195,0.03658536585,0.06097560976,0
362-de_Bello_Judaico-1.197,0.1666666667,0.2083333333,0.2083333333,0.08333333333,0,0.125,0.04166666667,0.04166666667,0,0.04166666667,0.08333333333,0
363-de_Bello_Judaico-1.197,0.4,0.2,0,0,0.2,0,0.2,0,0,0,0,0
364-de_Bello_Judaico-1.198,0.2894736842,0.07894736842,0.1052631579,0.07894736842,0.1578947368,0.02631578947,0.02631578947,0.1315789474,0.07894736842,0,0.02631578947,0
365-de_Bello_Judaico-1.198,0.2380952381,0.09523809524,0.1428571429,0,0.04761904762,0.09523809524,0.04761904762,0.1428571429,0,0.1428571429,0.04761904762,0
366-de_Bello_Judaico-1.199,0.2142857143,0.07142857143,0.2142857143,0.07142857143,0.07142857143,0,0.1428571429,0,0,0,0.2142857143,0
367-de_Bello_Judaico-1.199,0.2727272727,0.2727272727,0.1363636364,0,0.1363636364,0.04545454545,0.04545454545,0.04545454545,0,0,0.04545454545,0
368-de_Bello_Judaico-1.200,0.1428571429,0.1904761905,0.2380952381,0.09523809524,0,0.04761904762,0.1428571429,0.04761904762,0,0,0.09523809524,0
369-de_Bello_Judaico-1.201,0.2,0.1,0,0,0,0.2,0.1,0,0,0,0.4,0
370-de_Bello_Judaico-1.201,0.1818181818,0.1363636364,0.1818181818,0.02272727273,0.1363636364,0.09090909091,0.06818181818,0.1136363636,0,0.02272727273,0.04545454545,0
371-de_Bello_Judaico-1.202,0.1176470588,0.05882352941,0.1764705882,0.02941176471,0.1470588235,0.1176470588,0.1176470588,0.1470588235,0.02941176471,0,0.05882352941,0
372-de_Bello_Judaico-1.202,0.3,0.1,0.1,0.2,0,0.1,0.1,0,0,0.1,0,0
373-de_Bello_Judaico-1.203,0.1666666667,0.1111111111,0.1111111111,0.1111111111,0.1111111111,0.05555555556,0.1111111111,0.1111111111,0,0.05555555556,0.05555555556,0
374-de_Bello_Judaico-1.203,0.07692307692,0.1923076923,0.07692307692,0.03846153846,0.1153846154,0.1538461538,0.1153846154,0.03846153846,0.1153846154,0.03846153846,0.03846153846,0
375-de_Bello_Judaico-1.204,0.2,0.2,0.3,0,0.1,0,0.1,0,0,0.1,0,0
376-de_Bello_Judaico-1.204,0.1904761905,0.1904761905,0.1428571429,0.04761904762,0.04761904762,0.04761904762,0.09523809524,0.04761904762,0.04761904762,0.09523809524,0.04761904762,0
377-de_Bello_Judaico-1.205,0.2857142857,0.1428571429,0,0.1428571429,0,0,0.1428571429,0,0,0.1428571429,0.1428571429,0
378-de_Bello_Judaico-1.205,0.1111111111,0.1666666667,0.1666666667,0.05555555556,0.05555555556,0.1111111111,0.1111111111,0.1666666667,0,0,0.05555555556,0
379-de_Bello_Judaico-1.205,0.1764705882,0.1176470588,0,0.05882352941,0.05882352941,0.05882352941,0.05882352941,0.1176470588,0,0.1176470588,0.2352941176,0
380-de_Bello_Judaico-1.206,0.1612903226,0.1935483871,0.06451612903,0.06451612903,0.1290322581,0.1290322581,0.09677419355,0.06451612903,0.06451612903,0.03225806452,0,0
381-de_Bello_Judaico-1.207,0.05882352941,0.1176470588,0.1176470588,0,0.2941176471,0.1176470588,0.05882352941,0.1176470588,0,0.05882352941,0.05882352941,0
382-de_Bello_Judaico-1.207,0.09090909091,0.09090909091,0.1818181818,0.1818181818,0,0.09090909091,0.09090909091,0.09090909091,0,0.09090909091,0.09090909091,0
383-de_Bello_Judaico-1.208,0.1666666667,0,0.3333333333,0,0.1666666667,0.1666666667,0.1666666667,0,0,0,0,0
384-de_Bello_Judaico-1.208,0.1428571429,0.1746031746,0.1587301587,0.04761904762,0.1428571429,0.06349206349,0.06349206349,0.09523809524,0,0.04761904762,0.06349206349,0
385-de_Bello_Judaico-1.209,0.25,0.125,0.125,0.125,0,0.25,0,0.125,0,0,0,0
386-de_Bello_Judaico-1.209,0.2068965517,0.1034482759,0.1034482759,0.1034482759,0.1034482759,0.03448275862,0.2068965517,0.03448275862,0,0.03448275862,0.06896551724,0
387-de_Bello_Judaico-1.209,0.24,0.04,0.16,0.12,0.08,0.04,0.04,0.12,0,0.16,0,0
388-de_Bello_Judaico-1.210,0.2857142857,0.1428571429,0.07142857143,0.07142857143,0.1428571429,0.07142857143,0,0.07142857143,0,0,0.1428571429,0
389-de_Bello_Judaico-1.210,0.2352941176,0.2352941176,0.2352941176,0,0.05882352941,0,0.05882352941,0.1176470588,0.05882352941,0,0,0
390-de_Bello_Judaico-1.210,0.2777777778,0.05555555556,0.1111111111,0,0.2222222222,0.05555555556,0.1666666667,0.05555555556,0,0,0.05555555556,0
391-de_Bello_Judaico-1.211,0.24,0.16,0.04,0.04,0.12,0.12,0.04,0.04,0,0.04,0.16,0
392-de_Bello_Judaico-1.211,0.3333333333,0.1111111111,0,0,0,0,0.2222222222,0.1111111111,0,0.1111111111,0.1111111111,0
393-de_Bello_Judaico-1.212,0.3529411765,0.05882352941,0.05882352941,0.05882352941,0.1176470588,0.1176470588,0.05882352941,0.05882352941,0,0.05882352941,0.05882352941,0
394-de_Bello_Judaico-1.212,0.2222222222,0.1666666667,0.05555555556,0.05555555556,0.05555555556,0.1111111111,0.05555555556,0.1111111111,0,0.05555555556,0.1111111111,0
395-de_Bello_Judaico-1.212,0.4,0.1,0.1,0.2,0,0,0.1,0,0,0.1,0,0
396-de_Bello_Judaico-1.213,0.2,0.2,0,0,0.2,0,0,0.2,0,0.2,0,0
397-de_Bello_Judaico-1.213,0.08,0.08,0.08,0,0.2,0.12,0.08,0.12,0,0.08,0.16,0
398-de_Bello_Judaico-1.213,0.3076923077,0,0.1538461538,0.07692307692,0.07692307692,0.2307692308,0,0,0,0.07692307692,0.07692307692,0
399-de_Bello_Judaico-1.214,0.2,0.2,0.2,0,0,0,0,0.2,0,0.2,0,0
400-de_Bello_Judaico-1.214,0.1666666667,0.2222222222,0.1666666667,0,0.05555555556,0.1666666667,0.05555555556,0,0.05555555556,0,0.1111111111,0
401-de_Bello_Judaico-1.214,0.2702702703,0.1081081081,0.1081081081,0.1351351351,0.1081081081,0.05405405405,0.05405405405,0.1621621622,0,0,0,0
402-de_Bello_Judaico-1.214,0.24,0.12,0.08,0,0.12,0.16,0.12,0.16,0,0,0,0
403-de_Bello_Judaico-1.215,0.1875,0.125,0.1875,0,0.25,0,0.125,0.125,0,0,0,0
404-de_Bello_Judaico-1.215,0.1764705882,0.02941176471,0.2058823529,0.02941176471,0.1470588235,0.08823529412,0.1176470588,0.1176470588,0,0.08823529412,0,0
405-de_Bello_Judaico-1.215,0.25,0.25,0.125,0.0625,0.0625,0.0625,0,0.0625,0,0.0625,0.0625,0
406-de_Bello_Judaico-1.216,0.1052631579,0.1052631579,0.1578947368,0.05263157895,0.1052631579,0.1578947368,0.05263157895,0.05263157895,0.07894736842,0,0.1315789474,0